Season,Tm,PA,BB%,K%,BB/K,AVG,OBP,SLG,OPS,ISO,BABIP,wRC,wRAA,wOBA,wRC+
2009,"LAA",6305,0.086756542,0.167168913,0.518975332,0.285307719,0.350047908,0.4414799,0.791527808,0.156172181,0.32178997,843.5507594348772,87.97804556059671,0.3457621799521806,108.49511742828234
2009,"BAL",6233,0.082945612,0.16252206,0.510365251,0.268422926,0.331832797,0.415272338,0.747105135,0.146849412,0.300155867,742.4765929615336,-4.467852015213467,0.32787909667466897,93.0613199667857
2009,"BOS",6344,0.103877679,0.176544766,0.588392857,0.269709543,0.351731772,0.453905827,0.805637599,0.184196284,0.301032379,876.9975720193473,116.75121249223636,0.35104221364519994,106.20411816928886
2009,"CHW",6132,0.087084148,0.166666666,0.522504892,0.258099945,0.328960314,0.411495515,0.740455829,0.15339557,0.28538175,719.0937480148143,-15.747153091781673,0.32572477252130433,90.78829461223884
2009,"CLE",6320,0.092088607,0.191613924,0.480594549,0.263649425,0.339277185,0.416846264,0.756123449,0.153196839,0.307819123,780.0055187705238,22.635248875923867,0.3331375357690015,100.08714294419548
2009,"DET",6234,0.086621751,0.178697465,0.484739676,0.260469314,0.330744336,0.416425992,0.747170328,0.155956678,0.294255021,742.0787450612571,-4.985536983511473,0.32788335420251863,93.77681775076239
2009,"KCR",6103,0.074881205,0.178764542,0.418881759,0.258857556,0.318489196,0.40527838,0.723767576,0.146420824,0.297528297,674.9470704853611,-56.41855564861731,0.317605302100266,88.03777380660097
2009,"MIN",6346,0.092184052,0.160888748,0.572967678,0.274429386,0.344559173,0.429029957,0.77358913,0.154600571,0.305679785,808.0360720082394,47.55003834508585,0.33790533503335385,103.55541622186746
2009,"NYY",6449,0.102806636,0.157233679,0.653846153,0.283392226,0.36175187,0.477561837,0.839313707,0.194169611,0.306237333,963.8180246257633,190.98877295641603,0.36468619706955396,117.09694575401805
2009,"OAK",6247,0.084360493,0.167440371,0.503824091,0.26217765,0.328399034,0.397206303,0.725605337,0.135028653,0.298182634,705.0494519475291,-43.57271198151602,0.32046373186812976,93.53973636541656
2009,"SEA",6113,0.068869622,0.17879928,0.385178408,0.257983041,0.313686643,0.401948403,0.715635046,0.143965362,0.293031841,651.114560791386,-81.44943602280547,0.31259496365919903,89.22951448802985
2009,"TBR",6223,0.103165675,0.19749317,0.522375915,0.262541193,0.342852533,0.439399487,0.78225202,0.176858294,0.302770286,812.1925760909099,66.44650179437582,0.3416259414729496,108.89361685915472
2009,"TEX",6127,0.077036069,0.204504651,0.376695929,0.259862468,0.319585934,0.444806369,0.764392303,0.184943901,0.295609756,745.7545775744776,11.512861807988378,0.33129685383788354,92.44183536671304
2009,"TOR",6362,0.086136435,0.161584407,0.533073929,0.266151685,0.332754812,0.440308988,0.7730638,0.174157303,0.289929015,806.2809929865177,43.877566235023316,0.33711948778925677,101.24668607478229
2009,"ARI",6269,0.091083107,0.207050566,0.43990755,0.253009883,0.324428709,0.417610062,0.742038771,0.164600179,0.298669891,722.4313782815832,-28.827201143930626,0.3235764221934768,88.6031215040038
2009,"ATL",6335,0.095027624,0.167955801,0.565789473,0.263404946,0.338621794,0.405488355,0.744110149,0.142083409,0.299565515,744.498313565735,-14.669512349184544,0.32691376499477576,96.99895400134149
2009,"CHC",6244,0.094811018,0.18978219,0.499578059,0.254830477,0.331607056,0.406853809,0.738460865,0.152023332,0.295791487,721.977970779956,-26.284681945025277,0.3243810639599036,90.13112265461352
2009,"CIN",6187,0.085825117,0.182479392,0.470327723,0.246979128,0.317562017,0.394177956,0.711739973,0.147198828,0.282495256,652.1031457727101,-89.32879407505708,0.3128519006997101,83.78383620799184
2009,"COL",6241,0.105752283,0.204614645,0.516836335,0.260837347,0.343065693,0.44053353,0.783599223,0.179696183,0.30518667,808.3530316094009,60.44989008848334,0.3413636066475693,95.52894367694867
2009,"FLA",6312,0.089987325,0.194233206,0.463295269,0.267946877,0.340275552,0.415649676,0.755925228,0.147702799,0.315664931,766.1582522087803,9.746678858350801,0.33178172832423447,97.48121979375568
2009,"HOU",6040,0.074172185,0.163907284,0.452525252,0.260301692,0.319156061,0.400110375,0.719266436,0.139808683,0.292710968,650.9048236071733,-72.91106724146341,0.3148917719307524,89.27474992577214
2009,"LAD",6385,0.095066562,0.167267032,0.568352059,0.270207439,0.345861084,0.411659513,0.757520597,0.141452074,0.308840153,775.7536965452044,10.594017229220213,0.3315432166498316,101.95932488521393
2009,"MIL",6296,0.096886912,0.195520965,0.495532087,0.26261343,0.341134979,0.426134301,0.76726928,0.163520871,0.305260617,786.4867748971492,31.992594635060364,0.3358674090082583,102.6186232538283
2009,"WSN",6273,0.098358042,0.192571337,0.510761589,0.257782632,0.336501288,0.406153286,0.742654574,0.148370654,0.30208583,739.348801122805,-12.389126574794126,0.32708141046823336,95.90338015135337
2009,"NYM",6159,0.085403474,0.15067381,0.566810344,0.26994315,0.335090609,0.394278378,0.729368987,0.124335228,0.307023411,691.2730552782205,-46.80344666495063,0.3204061164053705,94.37620808191166
2009,"PHI",6338,0.092931524,0.182234143,0.509956709,0.257977769,0.334076078,0.446934385,0.781010463,0.188956616,0.286286522,807.6103847434721,48.08304762448875,0.3389204215399343,102.95832170365571
2009,"PIT",6058,0.082370419,0.188511059,0.436952714,0.251799889,0.318272757,0.386930035,0.705202792,0.135130146,0.295986622,628.5370335134276,-97.43592455959251,0.30998834301891204,85.75808163439453
2009,"STL",6168,0.085603112,0.168774319,0.50720461,0.262763037,0.332130556,0.415004574,0.74713513,0.152241537,0.296261899,720.7664603921803,-18.388575163182587,0.32520289751756715,98.06590651984921
2009,"SDP",6179,0.094837352,0.191293089,0.495769881,0.242396313,0.320773263,0.380645161,0.701418424,0.138248848,0.283711938,638.6883045140214,-101.78493878957548,0.30949691198002954,92.59308967158113
2009,"SFG",6057,0.064718507,0.191183754,0.33851468,0.256872383,0.309348914,0.389222647,0.698571561,0.132350264,0.302014995,602.7880634268457,-123.06505757815317,0.3050713905929056,82.8655387648072
2010,"LAA",6089,0.07653145,0.17572672,0.435514018,0.248360058,0.311269237,0.390306122,0.701575359,0.141946064,0.280930232,644.5787196838957,-54.65228512047724,0.3100125484137563,93.69199071244057
2010,"BAL",6109,0.069405794,0.172859715,0.401515151,0.259272596,0.315616258,0.386208138,0.701824396,0.126935542,0.296371882,647.8387289526797,-53.68897811743239,0.3099895629930141,87.45046514047858
2010,"BOS",6356,0.092353681,0.179358086,0.51491228,0.267623095,0.339076825,0.450938717,0.790015542,0.183315622,0.299470168,851.1955134935349,121.30353344154057,0.34484706866253567,109.00306225864229
2010,"CHW",6118,0.076332134,0.150702844,0.506507592,0.26750547,0.331740276,0.419948942,0.751689218,0.152443472,0.291657246,753.1760246353798,50.61480154568464,0.33155284601366153,100.12186451815536
2010,"CLE",6165,0.08840227,0.192051905,0.460304054,0.248223072,0.321585903,0.378348824,0.699934727,0.130125752,0.29325095,660.9365053431939,-47.02196807098869,0.3114025777534347,94.24471683464499
2010,"DET",6312,0.086501901,0.181717363,0.476024411,0.268474215,0.335193749,0.415204678,0.750398427,0.146730463,0.310832383,769.8286114800252,44.98937641265756,0.3297111961623515,101.97874060142675
2010,"KCR",6209,0.075857626,0.14575616,0.520441988,0.273733047,0.331007626,0.399357601,0.730365227,0.125624554,0.305117685,720.9769228306224,7.965704431812974,0.32267947494498134,98.17381544933919
2010,"MIN",6257,0.089339939,0.154546907,0.578076525,0.273168103,0.34073002,0.421515804,0.762245824,0.148347701,0.305629432,786.4934134293622,67.9701095927781,0.3346388028264239,106.20737956390637
2010,"NYY",6379,0.103778021,0.178084339,0.582746478,0.266750493,0.349826662,0.435961918,0.78578858,0.169211425,0.300421151,859.8973575508338,127.36416989323924,0.34614328616394674,111.93497172762835
2010,"OAK",6117,0.086153343,0.173451038,0.496701225,0.256240822,0.324386629,0.377936857,0.702323486,0.121696035,0.297297297,662.6609492770557,-39.7854386993522,0.31294273665897204,94.71732982666222
2010,"SEA",5989,0.076640507,0.197695775,0.387668918,0.23553337,0.29796536,0.339434276,0.637399636,0.103900906,0.281700288,513.1279381408759,-174.61955533479957,0.2845876373408572,79.06675881595838
2010,"TBR",6270,0.107177033,0.206060606,0.520123839,0.246920389,0.332851405,0.40301526,0.735866665,0.156094871,0.292532146,744.8261910447197,24.810030735405114,0.3259692970449834,105.57575539474762
2010,"TEX",6302,0.081085369,0.156458267,0.518255578,0.276131322,0.338190552,0.418811002,0.757001554,0.14267968,0.306980841,782.2460939795844,58.555210045086625,0.3329743524033999,98.49013454498335
2010,"TOR",6072,0.077569169,0.191699604,0.404639175,0.248225659,0.312138728,0.454231119,0.766369847,0.20600546,0.269474196,757.8799134500766,60.60110557158251,0.3335041581497066,105.28303445284145
2010,"ARI",6183,0.0952612,0.247290959,0.385219097,0.24958889,0.324649951,0.415676959,0.74032691,0.166088069,0.311695137,727.0284898702752,17.00298441692706,0.32503084593255616,92.70402607642946
2010,"ATL",6252,0.101407549,0.18234165,0.55614035,0.258282994,0.338994015,0.400878638,0.739872653,0.142595644,0.301493244,745.6733439358238,27.724215665674556,0.3274561433832544,99.91330458084288
2010,"CHC",6140,0.078013029,0.201302931,0.387540453,0.256531204,0.319624938,0.401487663,0.721112601,0.144956459,0.303721488,683.8236248280376,-21.263970753970735,0.3178628401675854,90.34894274368487
2010,"CIN",6285,0.083054892,0.193794749,0.428571428,0.271554041,0.338478855,0.435920415,0.77439927,0.164366374,0.314231588,811.7491476985235,90.0104606899043,0.3396305082301122,105.9548838844053
2010,"COL",6265,0.093375897,0.203351955,0.459183673,0.262567811,0.33564181,0.42477396,0.76041577,0.162206149,0.30968523,776.2494339213904,56.80744917851041,0.33309337880179196,90.52535040923746
2010,"FLA",6194,0.082983532,0.221989021,0.373818181,0.253661182,0.32101579,0.402639667,0.723655457,0.148978485,0.309117865,693.4360969041796,-17.852594795325167,0.31841048545044887,92.15666900529429
2010,"HOU",6005,0.069109075,0.17069109,0.404878048,0.247248716,0.302917861,0.362068965,0.664986826,0.114820249,0.285188592,561.0829222248615,-128.50193306340572,0.29520164708370517,79.24276644700306
2010,"LAD",6140,0.086807817,0.192833876,0.450168918,0.252119424,0.321552436,0.378916328,0.700468764,0.126796904,0.299137104,639.8057373935511,-65.28185818845722,0.3092928880470997,91.59625525959363
2010,"MIL",6304,0.086611675,0.192893401,0.449013157,0.262397431,0.334716017,0.423831608,0.758547625,0.161434177,0.303794485,788.0896492074933,64.16909504642157,0.33402199040785774,104.32111460821916
2010,"WSN",6100,0.082459016,0.2,0.412295081,0.250092284,0.318181818,0.390180878,0.708362696,0.140088594,0.294433593,657.383853530048,-43.11033752048133,0.3130003311764573,90.05260327720438
2010,"NYM",6144,0.081705729,0.178222656,0.458447488,0.249039341,0.314497528,0.382616651,0.697114179,0.13357731,0.286810886,631.8691783217297,-73.67775771342647,0.3067469786860647,88.96599246538574
2010,"PHI",6291,0.089016054,0.169130503,0.526315789,0.259989249,0.331999359,0.41336678,0.745366139,0.153377531,0.292444242,746.7398299406175,24.312132252276324,0.3265791035520486,99.00639120312812
2010,"PIT",5974,0.07750251,0.202042182,0.383595691,0.241923505,0.304142011,0.373375417,0.677517428,0.131451912,0.288056779,582.3435505733403,-103.6814162030306,0.3000804717621334,84.21407400469936
2010,"STL",6241,0.086684826,0.164556962,0.52677702,0.262721039,0.331605378,0.40184049,0.733445868,0.139119451,0.296481271,719.5242347988083,2.83829277481592,0.32170831521482524,98.90923910302688
2010,"SDP",6148,0.087508132,0.192420299,0.454775993,0.246227456,0.317402768,0.371365476,0.688768244,0.12513802,0.289555822,621.6394502978682,-84.36682619043609,0.3042012143484693,91.94967202663521
2010,"SFG",6143,0.079277226,0.178902816,0.443130118,0.257106413,0.32113419,0.408345481,0.729479671,0.151239068,0.292642924,691.5939455582671,-13.838155363602112,0.31972408041905664,98.23440330598098
2011,"LAA",6088,0.072601839,0.178383705,0.406998158,0.252856883,0.312520702,0.401959005,0.714479707,0.149102122,0.287871747,669.6668765177969,-14.179412640070494,0.31333352540752274,98.49433787553396
2011,"BAL",6156,0.073424301,0.181936322,0.403571428,0.256759176,0.316046966,0.412891674,0.72893864,0.156132498,0.287931433,709.1329054423188,17.648385722241272,0.3197343563752465,96.12694258549547
2011,"BOS",6414,0.090115372,0.172747115,0.521660649,0.280210157,0.34877896,0.460770577,0.809549537,0.18056042,0.314003146,902.103547163794,181.63868207533125,0.3515611771080229,117.03076951790158
2011,"CHW",6159,0.077122909,0.160578015,0.480283114,0.252090149,0.318650728,0.387677208,0.706327936,0.135587059,0.279909194,672.4739289091212,-19.347571571053717,0.3119485463807267,90.27236331307257
2011,"CLE",6142,0.080429827,0.206610224,0.389282899,0.250499183,0.317296678,0.396442185,0.713738863,0.145943002,0.296924194,680.7516462245061,-9.160296615116405,0.3142374702394646,98.78236309891949
2011,"DET",6231,0.083614187,0.18343765,0.455818022,0.276829049,0.339750849,0.433579004,0.773329853,0.156749955,0.318171269,804.8167453686785,104.90770664616346,0.3370968011679461,108.83703573626974
2011,"KCR",6267,0.070528163,0.160523376,0.439363817,0.27503526,0.328663446,0.415021156,0.743684602,0.139985896,0.311493252,746.3888667287648,42.43605888507956,0.3248809267245215,100.58376812456616
2011,"MIN",6020,0.0730897,0.174086378,0.419847328,0.247311827,0.306228084,0.35994168,0.666169764,0.112629853,0.287548727,578.7895411851513,-97.4185174105061,0.2956069781214673,81.93804531050824
2011,"NYY",6306,0.099429115,0.180463051,0.550966608,0.263138818,0.34338118,0.444182674,0.787563854,0.181043856,0.292230933,848.5803664605081,140.2468087355552,0.344564798323293,113.00929808902356
2011,"OAK",6104,0.083387942,0.179226736,0.465265082,0.243947175,0.311305207,0.368672046,0.679977253,0.124724871,0.282724947,615.13657525202,-70.50694462636736,0.30148509692735775,89.40589634481002
2011,"SEA",5972,0.072839919,0.214333556,0.33984375,0.232982844,0.292382878,0.348090758,0.640473636,0.115107914,0.283329241,516.6072926663273,-154.20907376776998,0.28344645469476765,80.41442099583536
2011,"TBR",6152,0.092815344,0.193920676,0.478625314,0.243561442,0.321831561,0.40231788,0.724149441,0.158756438,0.280565026,707.1272249060222,16.09201286607459,0.31929624413754265,103.47961396059158
2011,"TEX",6261,0.075866475,0.148538572,0.510752688,0.282558755,0.339601414,0.45997526,0.799576674,0.177416505,0.304071803,858.0776227532555,154.79877642976527,0.34736952366265533,111.93988834564958
2011,"TOR",6210,0.084541062,0.190660225,0.443412162,0.248965641,0.316717915,0.412844036,0.729561951,0.163878395,0.282813975,714.1048902318731,16.554716830040608,0.31901405730827037,96.7865709691718
2011,"ARI",6096,0.087106299,0.204888451,0.425140112,0.250322818,0.322361892,0.413207895,0.735569787,0.162885077,0.293825936,710.1231251719781,25.378220653850562,0.3215508621376915,96.71340487263068
2011,"ATL",6169,0.081698816,0.204247041,0.4,0.243306801,0.30821018,0.387120115,0.695330295,0.143813314,0.284121212,637.5590204001016,-55.38574928039842,0.305615326232216,90.83514036314098
2011,"CHC",6130,0.069331158,0.196084828,0.353577371,0.256442602,0.314271588,0.400792935,0.715064523,0.144350333,0.301133679,670.6934266225004,-17.870593176732214,0.31353524710119174,91.27453208778566
2011,"CIN",6329,0.084531521,0.197503555,0.428,0.256236635,0.32576,0.40787598,0.73363598,0.151639345,0.297463853,735.1269785511687,24.209901665468497,0.3217204188331168,99.34278736470563
2011,"COL",6275,0.088446215,0.191394422,0.462114904,0.257756132,0.329193548,0.409812409,0.739005957,0.152056277,0.299715909,738.8729832715192,34.02156006757384,0.32365255137821225,87.53784579461777
2011,"FLA",6232,0.086970474,0.19961489,0.435691318,0.246550472,0.317597265,0.388344226,0.705941491,0.141793754,0.290834736,671.2795503801832,-28.74181526236437,0.31117762910060276,91.94341527023244
2011,"HOU",6150,0.065203252,0.189268292,0.344501718,0.257591997,0.310588622,0.373704894,0.684293516,0.116112897,0.307815356,615.5523782751275,-75.2581799247551,0.30142918363134696,87.59872773902174
2011,"LAD",6094,0.081719724,0.178372169,0.458141674,0.256622516,0.321873442,0.375091979,0.696965421,0.118469463,0.299017313,638.141027151923,-46.379223526139356,0.3067237516377596,95.1177481651032
2011,"MIL",6113,0.07868477,0.177163422,0.444136657,0.261061134,0.32498341,0.425004589,0.749987999,0.163943455,0.292919725,735.8980292015982,49.24356704291807,0.32671006805228386,102.92378678790173
2011,"WSN",6090,0.077175697,0.217241379,0.355253212,0.242418673,0.308588548,0.382650248,0.691238796,0.140231575,0.291541541,624.2297996686812,-59.84114332925138,0.30455098542866693,89.14462698315171
2011,"NYM",6335,0.090134175,0.171270718,0.526267281,0.26375,0.33476874,0.390714285,0.725483025,0.126964285,0.307295173,722.5711142182302,10.980075812334702,0.31929087892083596,101.93003419597444
2011,"PHI",6279,0.085841694,0.163083293,0.526367187,0.252554221,0.322601416,0.394694389,0.717295805,0.142140168,0.282882882,697.0684954565388,-8.232235427536434,0.3151705396252793,95.53103822318062
2011,"PIT",6064,0.080639841,0.215699208,0.373853211,0.244419848,0.308617234,0.367644346,0.67626158,0.123224498,0.30074074,593.3883811666225,-87.76206191046485,0.29890974688213784,87.50123361179402
2011,"STL",6242,0.086831143,0.156680551,0.554192229,0.273499638,0.340857421,0.424981923,0.765839344,0.151482285,0.304828519,787.3374684423073,86.19283359943435,0.33430863522215676,112.33583919636278
2011,"SDP",6074,0.082482713,0.217319723,0.379545454,0.237031567,0.304839514,0.348532398,0.653371912,0.111500831,0.294349864,552.3064537675281,-129.96725850988432,0.2896498105290786,86.40129989753936
2011,"SFG",6091,0.073551141,0.184206205,0.399286987,0.241888443,0.303035329,0.368209989,0.671245318,0.126321546,0.281381241,581.4648975232756,-102.7183723946895,0.2953159151887144,88.4426576538292
2012,"LAA",6121,0.073354027,0.181833033,0.403414195,0.274205202,0.331631812,0.432803468,0.76443528,0.158598266,0.311199438,776.3956613872958,77.91722112491868,0.33130768294526913,113.4914835586274
2012,"BAL",6160,0.077922077,0.213474025,0.365019011,0.247302158,0.311274509,0.41708633,0.728360839,0.169784172,0.285890174,708.3270571868201,5.3982560078879525,0.3165092364031812,96.33058524296227
2012,"BOS",6166,0.069412909,0.194129095,0.357560568,0.26034975,0.315068493,0.414882226,0.729950719,0.154532476,0.30114033,709.5958071180805,5.982335028909178,0.31618076855778987,94.60592451448697
2012,"CHW",6111,0.075437735,0.196858124,0.383208645,0.255346139,0.318256578,0.421891989,0.740148567,0.16654585,0.28937198,728.4082727590501,31.070950680404817,0.32153214966014637,98.47780343777345
2012,"CLE",6195,0.089588377,0.175464083,0.510579576,0.250678733,0.32361988,0.381357466,0.704977346,0.130678733,0.287788018,681.7678524901156,-25.154862331878768,0.31002660236003476,96.7135533804343
2012,"DET",6119,0.083510377,0.180258212,0.463281958,0.267896274,0.334538878,0.422388604,0.756927482,0.15449233,0.30689574,762.8758564102828,64.62563978465221,0.32827026501028905,104.71779506981238
2012,"KCR",6149,0.06570174,0.167832167,0.391472868,0.264726756,0.316511513,0.399929027,0.71644054,0.135202271,0.301506424,682.4861995072196,-19.187371669607437,0.3110555079955309,94.00171508306754
2012,"MIN",6209,0.081333548,0.172169431,0.472404115,0.260338007,0.324805699,0.39032722,0.715132919,0.129989213,0.298098687,697.7015808305488,-10.818699448670369,0.31279098234280567,95.45998126100044
2012,"NYY",6231,0.090675653,0.18873375,0.480442176,0.264663287,0.336935483,0.453113685,0.790049168,0.188450398,0.293111753,843.3205536813609,132.28981339793128,0.3415225519510196,113.07643021206843
2012,"OAK",6183,0.088953582,0.224324761,0.396539293,0.237922923,0.310266406,0.403654785,0.713921191,0.165731862,0.281477758,685.565341992389,-19.988031009126924,0.3110200761581335,97.40864219113462
2012,"SEA",6057,0.076935776,0.207858675,0.370135027,0.233891518,0.295601659,0.368947943,0.664549602,0.135056425,0.275661247,574.6321702233257,-116.54311366316652,0.29122410778162244,87.3477828042947
2012,"TBR",6105,0.093529893,0.216707616,0.43159486,0.23953316,0.316691382,0.394220081,0.710911463,0.154686921,0.283612379,678.0309639653333,-18.62168720307272,0.3112480627293029,99.98284920905968
2012,"TEX",6216,0.076898326,0.177445302,0.433363553,0.272987477,0.333603107,0.445974955,0.779578062,0.172987478,0.305529953,813.1154986423147,103.79643563448315,0.335825207142477,106.29086195148832
2012,"TOR",6094,0.077617328,0.205283885,0.378097521,0.245307089,0.309240924,0.406597412,0.715838336,0.161290323,0.281165809,675.9729625164748,-19.42445864982605,0.3110612977146015,91.86798372370097
2012,"ARI",6150,0.087642276,0.205853658,0.425750394,0.259245697,0.327911943,0.418161845,0.746073788,0.158916148,0.306918547,735.855545552491,34.06786255729083,0.32323765450755493,96.64158685324844
2012,"ATL",6126,0.092556317,0.210414626,0.439875872,0.24718894,0.319828722,0.389124423,0.708953145,0.141935483,0.295561616,667.9667933945059,-31.082205959737365,0.3098454435699324,92.32499694692355
2012,"CHC",5967,0.074912016,0.206971677,0.361943319,0.239696913,0.301603375,0.377933838,0.679537213,0.138236925,0.285503322,590.9312612476457,-89.97395898525816,0.2969989267100796,81.35525635360182
2012,"CIN",6115,0.078659035,0.207031888,0.379936808,0.251415008,0.315292949,0.410626255,0.725919204,0.159211247,0.295632973,688.1452848499106,-9.648484502227614,0.3138489339478269,93.23166564718835
2012,"COL",6183,0.072780203,0.196183082,0.370981038,0.273623812,0.329727958,0.436435359,0.766163317,0.162811547,0.320981826,779.8265913396115,74.27321833809572,0.33087382146851674,89.68649982836737
2012,"MIA",6057,0.079907544,0.20274063,0.394136807,0.24406842,0.307871914,0.382012139,0.689884053,0.137943719,0.289396887,615.3427501905339,-75.83253369595846,0.30021583825600245,86.87994850509337
2012,"HOU",6014,0.07698703,0.226970402,0.339194139,0.235990382,0.301611278,0.371370445,0.672981723,0.135380063,0.287824758,587.9077882135816,-98.36068748286289,0.29569601723593403,82.2730959558482
2012,"LAD",6091,0.07896897,0.189788212,0.416089965,0.251746965,0.316525212,0.373666789,0.690192001,0.121919824,0.298049476,624.1226696625429,-70.93241604863834,0.3017585484573505,89.93697861220843
2012,"MIL",6224,0.074871465,0.199228791,0.375806451,0.259492531,0.324983734,0.436566492,0.761550226,0.177073961,0.29879518,778.1581955083572,67.9262379535401,0.32940863577215407,102.38315403433688
2012,"WSN",6221,0.076997267,0.212988265,0.361509433,0.261442564,0.322152001,0.42760463,0.749756631,0.166162066,0.308325266,751.1129994899189,41.223377390221195,0.3240498124424845,101.21866093783156
2012,"NYM",6091,0.082580857,0.205220817,0.4024,0.248990825,0.315684647,0.385688073,0.70137272,0.136697248,0.297726717,647.2177358364047,-47.837349874776486,0.3062431475503195,93.75640402493498
2012,"PHI",6172,0.073558003,0.177252106,0.414990859,0.255050505,0.316557377,0.399531024,0.716088401,0.144480519,0.290002308,682.9272075731818,-21.370935426228712,0.31138683554755914,93.01317800746614
2012,"PIT",6014,0.073827735,0.225141336,0.327917282,0.242609016,0.303814484,0.395048041,0.698862525,0.152439025,0.290691759,627.5034999866323,-58.76497570981214,0.30366325744967904,90.67147847450168
2012,"STL",6326,0.084255453,0.188428706,0.447147651,0.271433653,0.337541953,0.421024546,0.758566499,0.149590893,0.316435185,788.3136755130104,66.44231248412635,0.3291826583612986,106.39009499486116
2012,"SDP",6112,0.088187172,0.202552356,0.435379644,0.246956842,0.319391634,0.379933603,0.699325237,0.132976761,0.2972907,651.2245081058404,-46.22692579117784,0.3066082671321848,96.99217766085864
2012,"SFG",6200,0.077903225,0.176935483,0.440291704,0.268981648,0.327352797,0.39672544,0.724078237,0.127743792,0.315003394,699.4314119621957,-8.061861951664376,0.31437926787313264,101.29489617128039
2013,"LAA",6260,0.083546325,0.195047923,0.428337428,0.264137437,0.328941025,0.414459556,0.743400581,0.150322119,0.307475978,740.411569583803,54.55161731281827,0.32497566608709366,109.07684471124281
2013,"BAL",6144,0.067708333,0.183105468,0.369777777,0.259786476,0.312571521,0.430960854,0.743532375,0.171174378,0.288354898,718.4756045439073,45.32487822554804,0.3233276020439611,100.52424143826732
2013,"BOS",6382,0.091037292,0.204951425,0.444189602,0.277119093,0.349228832,0.446115731,0.795344563,0.168996638,0.329300118,862.9283512087078,163.7017992289273,0.346553859229544,114.35377229450431
2013,"CHW",6077,0.067632055,0.198617739,0.34051367,0.248966385,0.302179656,0.378213194,0.68039285,0.129246809,0.290648496,596.4716235662402,-69.33842914155117,0.2993954443504774,84.90385244827122
2013,"CLE",6165,0.091159772,0.2081103,0.438035853,0.254528819,0.326703619,0.409881061,0.73658468,0.155352242,0.299975411,724.8839778774912,49.432443412536,0.32410922421847616,104.02486225068952
2013,"DET",6388,0.083124608,0.167971195,0.494874184,0.283347863,0.345972309,0.434350479,0.780322788,0.151002616,0.319655857,837.4190301996795,137.53510446372894,0.34117795941269496,114.16511352048188
2013,"KCR",6093,0.069259806,0.172000656,0.402671755,0.260046855,0.314946325,0.378626779,0.693573104,0.118579924,0.30038366,624.0573719064461,-43.50567748446615,0.304888556927606,89.10037608591227
2013,"MIN",6212,0.085801674,0.230199613,0.372727272,0.241912293,0.312408995,0.379942487,0.692351482,0.138030194,0.297633872,645.163503810916,-35.43745841070641,0.30676624089397214,90.52688390719445
2013,"NYY",6045,0.077088502,0.200827129,0.383855024,0.242385321,0.306873023,0.375779816,0.682652839,0.133394495,0.285125968,602.6639327972766,-59.640126544273166,0.3011540837356524,86.4123177009015
2013,"OAK",6209,0.092285392,0.189724593,0.486417657,0.25412063,0.32659987,0.418764716,0.745364586,0.164644086,0.289348549,743.2875660667456,63.01529072320847,0.32680814500210403,108.04160812410417
2013,"SEA",6172,0.085709656,0.219215813,0.390983,0.23713566,0.305564594,0.389528607,0.695093201,0.152392947,0.279357231,641.7616813122518,-34.456789201568924,0.30678781013099515,95.16634389348961
2013,"TBR",6242,0.094360781,0.187600128,0.502988898,0.256590827,0.329044708,0.407728421,0.736773129,0.151137594,0.295043457,732.641444073122,48.75361307064807,0.3237602938371809,106.76055535898544
2013,"TEX",6196,0.074564234,0.172207876,0.43298969,0.262309758,0.323252032,0.411996418,0.73524845,0.14968666,0.294023722,721.8257372767425,42.97777173824075,0.3227242438681059,96.57828723307635
2013,"TOR",6152,0.082899869,0.182542262,0.454140694,0.252483294,0.317818063,0.41069171,0.728509773,0.158208416,0.284274666,703.6424143076923,29.615189647772507,0.32013111523453874,99.11957186605603
2013,"ARI",6334,0.081938743,0.18029681,0.454465849,0.25863284,0.323196943,0.391472868,0.714669811,0.132840028,0.300876995,690.159743356682,-3.8078185737359327,0.31355388031533976,92.89059377146444
2013,"ATL",6133,0.088374368,0.225664438,0.391618497,0.248851314,0.321258027,0.401764381,0.723022408,0.152913067,0.299923293,689.2824319491405,17.33689085042657,0.3181445777603821,101.51868715279062
2013,"CHC",6079,0.072215824,0.20233591,0.356910569,0.237722808,0.300464037,0.392142597,0.692606634,0.154419789,0.275084827,617.3517712364833,-48.677406056698025,0.3043731446270938,90.32534001144947
2013,"CIN",6293,0.092960432,0.197838868,0.469879518,0.249136206,0.327263938,0.390798326,0.718062264,0.14166212,0.293124246,692.1745164615813,2.699008531660123,0.3155403163898575,95.65218690847246
2013,"COL",6152,0.069408322,0.195708712,0.354651162,0.269869619,0.322654838,0.418467583,0.741122421,0.148597964,0.3165535,719.2032004694348,45.175975809515194,0.32414888538084613,87.25484524305315
2013,"MIA",6021,0.071748878,0.204617173,0.35064935,0.230684529,0.292637933,0.334556799,0.627194732,0.10387227,0.280135004,492.92487276557347,-166.74969155129534,0.2789918022105924,74.38007202127439
2013,"HOU",6020,0.070764119,0.254983388,0.277524429,0.239508887,0.298844801,0.375481033,0.674325834,0.135972146,0.304039874,582.631821510511,-76.93318051366279,0.29775092881385556,84.87548083598699
2013,"LAD",6145,0.07746135,0.186493083,0.415357766,0.263522127,0.326086956,0.396284829,0.722371785,0.132762702,0.307638072,685.0756664017905,11.815377790736024,0.31704740867856845,103.35719241454603
2013,"MIL",6064,0.067117414,0.195085751,0.344040574,0.252283522,0.310506096,0.397515527,0.708021623,0.145232005,0.293595586,646.5692624769406,-17.816480425815122,0.31116735062874973,91.48699589861458
2013,"WSN",6047,0.076732263,0.19712254,0.389261744,0.251103752,0.312594079,0.397534952,0.710129031,0.1464312,0.292091217,645.3045830485876,-17.2186008783522,0.3114300366606398,94.47384145206834
2013,"NYM",6207,0.082487514,0.222974061,0.369942196,0.237093002,0.305654858,0.366073034,0.671727892,0.128980032,0.291390728,593.6348526871475,-86.41829807099977,0.2967902780417566,89.70178161590853
2013,"PHI",6014,0.06933821,0.200365813,0.346058091,0.248350439,0.306362262,0.383797653,0.690159915,0.135447214,0.293336552,603.7901835341758,-55.11744473382781,0.302856691609854,89.04419833253337
2013,"PIT",6135,0.076446617,0.216788916,0.352631578,0.245351804,0.313405797,0.395916879,0.709322676,0.150565075,0.294483101,657.6418852963933,-14.522780387710597,0.3116262113547922,99.29205275434201
2013,"STL",6202,0.077555627,0.178974524,0.433333333,0.268850098,0.331760494,0.401475616,0.73323611,0.132625518,0.313559322,714.6376768394178,35.13233754474595,0.32220455204925275,104.43371741261436
2013,"SDP",6122,0.07628226,0.213819013,0.356760886,0.244516947,0.307742998,0.377922784,0.685665782,0.133405837,0.293701171,612.1829483107667,-58.55740756830173,0.30213264956512237,93.64540020400734
2013,"SFG",6168,0.076037613,0.174773022,0.435064935,0.260446685,0.320222877,0.381304034,0.701526911,0.120857349,0.303696983,644.3441106809145,-31.436110662126044,0.3085918007648963,100.3819176063483
2014,"LAA",6285,0.078281622,0.20143198,0.388625592,0.258977534,0.322096181,0.405979126,0.728075307,0.147001592,0.305412972,725.9612472679353,50.70851265898705,0.3206478170553204,109.55443843979525
2014,"BAL",6130,0.065415986,0.209624796,0.312062256,0.256254467,0.31123872,0.422265904,0.733504624,0.166011437,0.295696324,717.0495847922408,58.449861140235754,0.32265937038471,104.26311204708223
2014,"BOS",6226,0.085929971,0.214744619,0.400149588,0.244100162,0.315501127,0.368582237,0.684083364,0.124482075,0.297369056,643.7819304640384,-25.131916103234825,0.30458151605372685,89.15542701203569
2014,"CHW",6077,0.068619384,0.224123745,0.3061674,0.25257081,0.30983823,0.398340248,0.708178478,0.145769438,0.306348425,664.2694771904528,11.36400889791835,0.3123442115823263,98.51226021427256
2014,"CLE",6222,0.081002892,0.19109611,0.423885618,0.25309417,0.317179902,0.388699551,0.705879453,0.135605381,0.295597484,682.4938412581195,14.00974981231588,0.3130435496520189,98.34519414052556
2014,"DET",6202,0.071428571,0.184456626,0.387237762,0.276554174,0.33090497,0.426110124,0.757015094,0.14955595,0.319289455,768.4826074306912,102.14729159223491,0.33126637341537934,111.86053289930322
2014,"KCR",6058,0.062726972,0.162594915,0.385786802,0.262578899,0.31352697,0.376014427,0.689541397,0.113435528,0.30164007,630.3813864975035,-20.482744968050746,0.305630360794687,92.16519775751603
2014,"MIN",6233,0.087277394,0.213219958,0.409330323,0.253637506,0.32361469,0.389078498,0.712693188,0.135440992,0.309099662,700.3443122098768,30.67839418003214,0.3163950382013656,100.46293566206144
2014,"NYY",6082,0.074317658,0.186287405,0.398940864,0.245406585,0.306840713,0.380025468,0.686866181,0.134618883,0.281894934,630.9655321204378,-22.477130073933328,0.3052422179636219,93.79615712153898
2014,"OAK",6245,0.093835068,0.176781425,0.530797101,0.244183949,0.319672131,0.380703336,0.700375467,0.136519387,0.278533548,677.6387809633552,6.68359756910219,0.311590672627756,102.45535544399539
2014,"SEA",5977,0.066253973,0.206123473,0.321428571,0.243669724,0.3003367,0.37559633,0.67593303,0.131926606,0.289601554,592.2634270246992,-49.89816323109772,0.2991464635089547,93.83952370036943
2014,"TBR",6205,0.084931506,0.181144238,0.468861209,0.246736765,0.317104836,0.366751269,0.683856105,0.120014504,0.287430683,642.0073221646722,-24.650310014885918,0.3048740399154087,96.97897725004692
2014,"TEX",6026,0.069200132,0.192831065,0.358864027,0.256410256,0.313889353,0.375274725,0.689164078,0.118864469,0.30458412,625.3750181013164,-22.05107239248188,0.3051977353468111,90.2126879100102
2014,"TOR",6167,0.081401005,0.18663856,0.436142484,0.258605154,0.322570123,0.413768246,0.736338369,0.155163092,0.29523586,733.7249861976431,71.1500276720453,0.3250920957468456,106.69936360909355
2014,"ARI",6089,0.06536377,0.191328625,0.341630901,0.248378962,0.301874274,0.375720461,0.677594735,0.127341499,0.292915214,601.1288237676453,-53.0659098892975,0.2995100851832489,83.29977608584456
2014,"ATL",6064,0.077836411,0.225758575,0.344777209,0.240673006,0.304658901,0.360095098,0.664753999,0.119422092,0.29802648,582.7618781315645,-68.74688601619407,0.29629047832315153,86.13782870501153
2014,"CHC",6102,0.072435267,0.242051786,0.299255247,0.238743645,0.299586435,0.38453159,0.684118025,0.145787945,0.29578544,617.8764238045428,-37.71501399717578,0.30252337848093913,90.78491208564913
2014,"CIN",5978,0.069421211,0.209434593,0.331469648,0.237627432,0.29649093,0.364967562,0.661458492,0.12734013,0.28426772,565.4224618203682,-76.84656721579621,0.29412214590088537,83.03557530359083
2014,"COL",6164,0.064406229,0.207819597,0.309914129,0.276372059,0.326945126,0.445117605,0.772062731,0.168745546,0.32554257,787.2108052167189,124.95816303222311,0.33730663198509747,97.12487114630963
2014,"MIA",6185,0.081002425,0.22942603,0.353065539,0.252618273,0.316538524,0.377573131,0.694111655,0.124954858,0.316402378,646.8397842699435,-17.66907230226716,0.3070515184847535,94.72421396705083
2014,"HOU",6055,0.081750619,0.238150289,0.343273231,0.241784468,0.309464611,0.382595924,0.692060535,0.140811456,0.29757607,639.5026459502878,-11.039169174164194,0.3075613933049398,98.28147157438512
2014,"LAD",6231,0.083293211,0.199967902,0.416532905,0.265467625,0.332524664,0.405755395,0.738280059,0.14028777,0.317783566,745.2987955846007,75.84775511549063,0.32668205241778797,111.73861215226307
2014,"MIL",6065,0.069744435,0.197361912,0.353383458,0.250091541,0.31059216,0.397107286,0.707699446,0.147015745,0.292870905,655.8500858977575,4.2338829696316,0.3125311894623121,93.54174381763231
2014,"WSN",6216,0.083172458,0.209781209,0.396472392,0.253157704,0.320987654,0.392998917,0.713986571,0.139841213,0.303125757,693.7560332126681,25.91657444906864,0.3167024837517711,99.02067439551872
2014,"NYM",6145,0.083970707,0.205695687,0.408227848,0.23866959,0.308248439,0.364400584,0.672649023,0.125730994,0.286164283,602.8360274907955,-57.37527786672044,0.29901502872641555,92.00963190269425
2014,"PHI",6198,0.071474669,0.210713133,0.339203675,0.242013207,0.302052785,0.363376762,0.665429547,0.121363555,0.292468519,591.8944268240748,-74.01113389291174,0.2950746170746216,86.24267329985051
2014,"PIT",6224,0.083547557,0.199871465,0.41800643,0.259393063,0.329713081,0.404443641,0.734156722,0.145050578,0.306880843,732.6512105945072,63.95224158796905,0.324547555221562,108.30079314269447
2014,"STL",6086,0.077390732,0.186164968,0.415710503,0.252672318,0.320159415,0.369148544,0.689307959,0.116476226,0.299503193,638.7703849633484,-15.102032352492182,0.3075638111627297,95.12090550791591
2014,"SDP",5905,0.079254868,0.219136325,0.361669242,0.22648281,0.292065663,0.341896486,0.633962149,0.115413676,0.276930894,509.96620931435564,-124.45978875499029,0.2831203881827156,81.5326467723317
2014,"SFG",6087,0.070149498,0.204534253,0.342971887,0.254752851,0.310658722,0.388194821,0.698853543,0.13344197,0.303933253,642.0824240084152,-11.897432087792987,0.3081091628384332,99.2432488004352
2015,"LAA",5990,0.072621035,0.191986644,0.378260869,0.245707956,0.306554621,0.395791028,0.702345649,0.150083072,0.279593318,633.3728346039147,-40.14212558077862,0.30495821829177466,94.60963842891138
2015,"BAL",6007,0.069585483,0.221574829,0.314049586,0.249772105,0.307216839,0.42060164,0.727818479,0.170829535,0.290501385,683.6842126150774,8.257774246220464,0.3149946767792453,97.29874613214393
2015,"BOS",6237,0.076639409,0.18406285,0.416376306,0.265070921,0.325330325,0.414539007,0.739869332,0.149468086,0.305053738,739.981976088799,38.69436228714065,0.32106937286189247,99.08258647830714
2015,"CHW",6070,0.066556836,0.202800658,0.328188464,0.249593348,0.306342109,0.380083137,0.686425246,0.130489789,0.296216987,616.6267087467749,-65.88344289280595,0.29972324674264605,88.78211861518737
2015,"CLE",6109,0.087248322,0.189392699,0.460674157,0.25648097,0.324533905,0.400625114,0.725159019,0.144144144,0.299212598,699.1509873524096,12.255679878571142,0.31540547769936395,96.69957104587176
2015,"DET",6159,0.073875629,0.204416301,0.361397934,0.27029438,0.32773794,0.42016057,0.74789851,0.14986619,0.322458628,744.2791371175806,51.76183498443789,0.3236052326784759,102.73916298450374
2015,"KCR",6116,0.062622629,0.159090909,0.393627954,0.268520179,0.321769154,0.412197309,0.733966463,0.14367713,0.301108647,710.3820675993954,22.699680873254376,0.3179640986657907,98.95791103831975
2015,"MIN",6017,0.072959946,0.210071464,0.347310126,0.246753246,0.305328211,0.399122004,0.704450215,0.152368758,0.291829745,636.8655574941333,-39.68527980658459,0.30512961797301125,89.28253475789273
2015,"NYY",6268,0.088385449,0.195756222,0.451507742,0.250943057,0.32285989,0.420873001,0.743732891,0.169929944,0.283357245,753.7648759371815,48.99162544675421,0.32296856492158393,103.13816857254912
2015,"OAK",6171,0.076972937,0.181332036,0.424486148,0.250892857,0.312042905,0.395,0.707042905,0.144107143,0.287903041,667.8028780705084,-26.063702780867622,0.307869359646758,95.37744757722893
2015,"SEA",6131,0.077964442,0.217908987,0.357784431,0.248737373,0.310684391,0.411075036,0.721759427,0.162337663,0.291965389,686.0516425926646,-3.317342531267646,0.31278678032479557,100.38156100275903
2015,"TBR",6071,0.071816834,0.215779937,0.332824427,0.252142206,0.314441506,0.405834092,0.720275598,0.153691886,0.299876695,681.5899439608545,-1.032647571912529,0.3130784814037494,99.6357746088261
2015,"TEX",6187,0.081299498,0.199288831,0.407948094,0.257485029,0.325195312,0.413355107,0.738550419,0.155870078,0.299759615,731.4116641008703,35.746044958516606,0.32056212550058416,97.70440317974402
2015,"TOR",6232,0.091463414,0.184691912,0.495221546,0.26860254,0.339573918,0.456987295,0.796561213,0.188384755,0.297923132,853.5900311271005,152.86461679137267,0.34414915769405535,117.3128428094846
2015,"ARI",6276,0.078075207,0.20905035,0.373475609,0.264471587,0.323807994,0.41440963,0.738217624,0.149938043,0.316037735,731.692654288198,26.01988465228216,0.31893387830282455,95.19437236911982
2015,"ATL",6034,0.078057673,0.183460391,0.425474254,0.251107011,0.314448541,0.359409594,0.673858135,0.108302583,0.297125353,586.6657726444679,-91.79654284041364,0.2957043395751199,84.02293141411123
2015,"CHC",6200,0.091451612,0.244838709,0.373517786,0.24421781,0.321388033,0.398105991,0.719494024,0.153888181,0.304925723,694.4846161073214,-2.642721646451477,0.31332536018362234,95.7359956959924
2015,"CIN",6196,0.080051646,0.202550032,0.395219123,0.248070364,0.312245893,0.393825166,0.706071059,0.145754802,0.290045356,663.4967045649063,-33.18087361612223,0.3069204576197671,91.39510130152456
2015,"COL",6071,0.063910393,0.211332564,0.302416212,0.265434314,0.31524805,0.432340272,0.747588322,0.166905958,0.312545322,717.2409991560452,34.61840762327825,0.32086759629257544,86.52341723950491
2015,"MIA",5988,0.06262525,0.192050768,0.326086956,0.259930441,0.309954368,0.383671975,0.693626343,0.123741534,0.307110796,611.5947225771031,-61.69535782121835,0.301514118003667,90.574971591542
2015,"HOU",6073,0.080026346,0.229211262,0.349137931,0.249679428,0.315188616,0.436526836,0.751715452,0.186847408,0.292010309,738.6859824976406,55.838511178501776,0.32461355251950785,108.3534808187096
2015,"LAD",6090,0.092446633,0.206568144,0.447535771,0.249953574,0.326101358,0.412627669,0.738729027,0.162674095,0.291939546,722.2950845224439,37.5361350191414,0.3217683914637673,106.17680194729854
2015,"MIL",6024,0.068393094,0.21563745,0.317167051,0.251459854,0.306854365,0.393248175,0.70010254,0.141788321,0.302948402,626.3578851703674,-50.98003138265315,0.30361309682728066,87.37528504842625
2015,"WSN",6117,0.088115089,0.219715546,0.401041666,0.251105379,0.321016166,0.402542372,0.723558538,0.151436993,0.299646286,690.4638032131223,2.66897659379525,0.3145231025350363,96.17412289905809
2015,"NYM",6145,0.079414157,0.209926769,0.378294573,0.244436403,0.311856091,0.400036185,0.711892276,0.155599782,0.28690127,668.9279004763176,-22.015243152220055,0.30918703090216093,98.20567202214782
2015,"PHI",6053,0.063935238,0.210474145,0.30376766,0.248507867,0.302550425,0.381624163,0.684174588,0.133116296,0.299470389,605.1366793977367,-75.46199405768054,0.2983105795342381,86.08281268851131
2015,"PIT",6285,0.073349244,0.210342084,0.348714069,0.259634167,0.323368691,0.395666844,0.719035535,0.136032677,0.314014251,698.2665567496792,-8.418171924911562,0.31273229114248036,97.18881497946067
2015,"STL",6139,0.082423847,0.206385404,0.399368587,0.252735229,0.321088881,0.394420131,0.715509012,0.141684902,0.303008248,675.5973409155346,-14.67116335388662,0.31097357485081967,96.9993306177189
2015,"SDP",6019,0.070775876,0.220468516,0.321024868,0.242624152,0.300083822,0.384826827,0.684910649,0.142202675,0.29224652,600.6718116041695,-76.10390548292045,0.2980008227203744,90.31680758178334
2015,"SFG",6153,0.074272712,0.188363399,0.394305435,0.267026055,0.326129666,0.406109613,0.732239279,0.139083558,0.313443231,712.7061851039359,20.86352232990949,0.318264531742079,103.71527784787013
2016,"LAA",6041,0.077967223,0.164045687,0.475277497,0.259620696,0.321892702,0.404529552,0.726422254,0.144908856,0.289406877,691.2253636403761,-20.43156062971708,0.31410731988853285,98.5840190575024
2016,"BAL",6089,0.076859911,0.217441287,0.35347432,0.255792903,0.317028985,0.44333816,0.760367145,0.187545257,0.29123776,754.6072355080635,37.295695716539015,0.325629450753762,102.79992237920983
2016,"BOS",6320,0.088291139,0.183544303,0.481034482,0.281834215,0.348439233,0.461199294,0.809638527,0.179365079,0.320128972,893.171101961754,148.64672497334288,0.3464988331629893,113.11685648144191
2016,"CHW",6131,0.074213015,0.209590605,0.354085603,0.257297297,0.317273025,0.409909909,0.727182934,0.152612612,0.304274329,700.890081921679,-21.3692464510977,0.31387146429877666,96.66602307870603
2016,"CLE",6154,0.086285342,0.202469938,0.426163723,0.261670313,0.329033311,0.42961342,0.758646731,0.167943107,0.303914417,766.6794277371907,41.71059609372847,0.32642409906093794,99.86949985725556
2016,"DET",6127,0.080463522,0.212665252,0.378357636,0.267100977,0.330932896,0.438110749,0.769043645,0.171009772,0.312345679,781.7243293626107,59.9362189499533,0.32992442233188246,106.01200469298831
2016,"KCR",6052,0.063119629,0.202247191,0.312091503,0.261167146,0.312156993,0.400036023,0.712193016,0.138868877,0.309134045,657.1717902170146,-55.78098344340646,0.30716907184987713,89.11394315751848
2016,"MIN",6244,0.082158872,0.228379244,0.359747545,0.250800996,0.316178835,0.421324314,0.737503149,0.170523318,0.299628252,729.0191668817375,-6.552068864407564,0.31697062304568824,95.203986121301
2016,"NYY",6059,0.078395774,0.196071959,0.399831649,0.252244,0.314356846,0.405019234,0.71937608,0.152775234,0.288614938,675.970232066369,-37.80717302426111,0.3106329314934187,91.7265484943102
2016,"OAK",6022,0.073397542,0.190136167,0.3860262,0.245818181,0.304043934,0.394727272,0.698771206,0.148909091,0.280331753,627.7547120840168,-81.66392687551036,0.3018853585290192,89.2463440812896
2016,"SEA",6227,0.081259033,0.206841175,0.392857142,0.259000537,0.326346339,0.42987641,0.756222749,0.170875873,0.297349866,769.5855208741821,36.01696145854379,0.3252820517320446,107.81764745719128
2016,"TBR",6046,0.074263976,0.24512074,0.30296896,0.243203794,0.307117969,0.425652253,0.732770222,0.182448459,0.293098924,694.0394334676282,-18.206513252614354,0.3145077547456295,98.26230000559107
2016,"TEX",6089,0.071604532,0.200361307,0.357377049,0.261719457,0.321528578,0.433303167,0.754831745,0.17158371,0.298062953,746.4547097505083,29.143169958983787,0.3240014415372301,94.68234404521469
2016,"TOR",6233,0.101395796,0.218514359,0.464023494,0.247855448,0.329519819,0.425807629,0.755327448,0.177952181,0.288871951,777.6665357527829,43.39114939696578,0.3266412044091448,104.17564224604266
2016,"ARI",6259,0.073973478,0.227991691,0.324456902,0.261076787,0.32046332,0.431774051,0.752237371,0.170697264,0.315467449,751.1253974305863,13.787094333994053,0.32132408417315955,92.56256910114568
2016,"ATL",6191,0.081085446,0.200290744,0.404838709,0.254624591,0.320711604,0.384294523,0.705006127,0.129669932,0.304947668,654.0894703922277,-75.23812738233768,0.3042138848132625,86.50786468998545
2016,"CHC",6335,0.103551696,0.21136543,0.489917849,0.256042158,0.343452002,0.428675268,0.77212727,0.17263311,0.302348825,821.9038260248643,75.61238168600602,0.3333256972089889,105.68011488575459
2016,"CIN",6094,0.074171316,0.210699048,0.352024922,0.255695279,0.315990057,0.407873154,0.723863211,0.152177875,0.303453343,677.7574293565389,-40.14313288513473,0.31117365150779197,88.7466054359402
2016,"COL",6236,0.079217447,0.213277742,0.371428571,0.275026718,0.336137172,0.457427858,0.79356503,0.18240114,0.325717063,836.1734375557287,101.54463772982207,0.3387094230715465,94.18217250872179
2016,"MIA",6134,0.072872513,0.197750244,0.368507831,0.263157894,0.322161984,0.394196106,0.71635809,0.131038212,0.313780918,674.2756532573344,-48.33708858553161,0.3094384311860862,94.46989087953982
2016,"HOU",6204,0.089297227,0.234042553,0.381542699,0.246528403,0.318601262,0.416591523,0.735192785,0.17006312,0.297758532,723.5015527873624,-7.357503357590454,0.31674877027327875,101.14884724421509
2016,"LAD",6164,0.085171966,0.21430889,0.397426192,0.249184487,0.319256481,0.408843783,0.728100264,0.159659296,0.293564356,704.4365493590922,-21.71032718466795,0.3144882249367194,97.16840027628405
2016,"MIL",6061,0.098828576,0.254578452,0.388204795,0.243714821,0.322231473,0.406754221,0.728985694,0.1630394,0.304240088,694.9323234712946,-19.08069059939513,0.31520297538892766,91.92451780651496
2016,"WSN",6201,0.086437671,0.201902918,0.428115015,0.255555555,0.32553226,0.425865209,0.751397469,0.170309654,0.292825768,744.1701095693899,13.664466894526544,0.3216047236795975,95.80994986895824
2016,"NYM",6115,0.084546197,0.212919051,0.397081413,0.24583257,0.316005922,0.416559809,0.732565731,0.170727239,0.28241206,699.2881462596703,-21.086310272629124,0.31461675820601864,98.81800891017632
2016,"PHI",5992,0.070761014,0.229639519,0.308139534,0.240338608,0.300706357,0.384615384,0.685321741,0.144276776,0.291571173,594.416060349859,-111.46844390877364,0.29599338785033125,81.268130269415
2016,"PIT",6261,0.089602299,0.213065005,0.42053973,0.257307831,0.332475884,0.40166005,0.734135934,0.144352219,0.311170862,735.3910599906094,-2.1828520860427347,0.3184332198414712,97.49770169693919
2016,"STL",6223,0.084525148,0.211794954,0.399089529,0.255227108,0.325303152,0.442501802,0.767804954,0.187274694,0.294364804,785.8676289314608,52.7702874759417,0.32891382851808976,104.73229914658086
2016,"SDP",6001,0.074820863,0.24995834,0.299333333,0.235239852,0.298842864,0.390221402,0.689064266,0.15498155,0.290553056,599.8760584112424,-107.06868625765865,0.29727466151020326,84.20065592050418
2016,"SFG",6270,0.09122807,0.176555023,0.516711833,0.258221024,0.329477911,0.39802336,0.727501271,0.139802336,0.298811156,716.5289408935076,-22.10521159341283,0.3145859395559071,95.8829020282464
2017,"LAA",6073,0.086118886,0.197266589,0.436560934,0.242659279,0.314998348,0.397229916,0.712228264,0.154570637,0.276674025,668.875495012675,-71.24424966069625,0.3067824038000379,91.67240520465118
2017,"BAL",6140,0.063843648,0.229967426,0.277620396,0.26,0.311796377,0.435044247,0.746840624,0.175044247,0.30596092,734.4602469227593,-13.824823436947614,0.31828939378778004,95.2556782184123
2017,"BOS",6338,0.090091511,0.193120858,0.466503267,0.25771741,0.329435929,0.406597283,0.736033212,0.148879873,0.299791328,748.2382059073377,-24.177229913480463,0.3163640555863243,91.27081238370327
2017,"CHW",6059,0.066182538,0.2305661,0.287043664,0.256121893,0.31363108,0.417195719,0.730826799,0.161073826,0.309361594,697.4076149644166,-41.00594225210846,0.3130341214098376,95.43070527597281
2017,"CLE",6234,0.096888033,0.18495348,0.523850823,0.262928688,0.338647342,0.449283251,0.787930593,0.186354563,0.295156287,838.7004944550007,78.95959402789745,0.3359310616760192,104.93688251341058
2017,"DET",6150,0.081788617,0.213495934,0.383092155,0.258279337,0.32420984,0.42386609,0.74807593,0.165586753,0.305657604,749.2640379366644,-0.2397377493613977,0.32079461824471056,97.65632065431785
2017,"KCR",6027,0.06470881,0.19346275,0.334476843,0.259393063,0.311418109,0.419617052,0.731035161,0.160223989,0.29496915,689.6529785660485,-44.86072160625659,0.3122518867338852,90.90005526412747
2017,"MIN",6261,0.094713304,0.214342756,0.441877794,0.259852438,0.334081796,0.433687241,0.767769037,0.173834803,0.305830039,804.946833967302,41.915429159138625,0.3288697541614415,103.30505391486669
2017,"NYY",6354,0.096946805,0.218130311,0.444444444,0.26153021,0.338546603,0.446549874,0.785096477,0.185019664,0.303753417,853.0100725884795,78.64470824555154,0.33551458404951634,109.1151652055831
2017,"OAK",6126,0.09222984,0.243388834,0.378940308,0.245973645,0.319371727,0.435761346,0.755133073,0.189787701,0.293728499,755.45837250212,8.879489599259477,0.32264622609420196,103.38158439897482
2017,"SEA",6166,0.078981511,0.205481673,0.384372533,0.258692127,0.325312957,0.423527292,0.748840249,0.164835165,0.300072833,751.2987417816968,-0.15496242643884095,0.32079858407865164,102.63801820948285
2017,"TBR",6147,0.088661135,0.250203351,0.354356306,0.244614822,0.31668299,0.42241694,0.73909993,0.177802118,0.29574468,721.7797141884246,-27.358449899705633,0.31557260671116616,98.68401630341593
2017,"TEX",6122,0.088859849,0.24387455,0.364367046,0.244198895,0.320150968,0.429834254,0.749985222,0.185635359,0.291254346,747.1893713225853,1.0979705502522528,0.32123256026913727,89.93847647179412
2017,"TOR",6154,0.088072798,0.215632109,0.40844009,0.240043644,0.312224579,0.411893071,0.72411765,0.171849427,0.275533249,700.5209613850079,-49.47029643154535,0.31157219707234807,92.59362739340988
2017,"ARI",6224,0.092866323,0.233933161,0.396978021,0.254298642,0.329398447,0.444705882,0.774104329,0.19040724,0.305727554,798.595002673148,40.07280757236371,0.32923077882695273,95.05511648901481
2017,"ATL",6216,0.076254826,0.19047619,0.400337837,0.262714899,0.326023391,0.412428366,0.738451757,0.149713467,0.305132411,722.7574455630844,-34.789785276644956,0.3156380263737605,88.6037454133964
2017,"CHC",6283,0.098997294,0.222982651,0.443968593,0.255094614,0.337933247,0.437227074,0.775160321,0.18213246,0.30199795,816.1025540796226,50.38999755355761,0.3310095960170021,101.4713639153504
2017,"CIN",6213,0.090938355,0.213906325,0.425131677,0.253464624,0.328898263,0.432530999,0.761429262,0.179066375,0.294369029,773.9032257112744,16.72160646944081,0.3249784412628605,94.79786081063592
2017,"COL",6201,0.083696178,0.227060151,0.368607954,0.272858691,0.33773216,0.44362125,0.78135341,0.170762559,0.331572327,809.4596223910945,53.740449540843414,0.332402720186402,87.53267692565302
2017,"MIA",6248,0.077784891,0.205185659,0.379095163,0.26722599,0.330858618,0.430560514,0.761419132,0.163334524,0.312694984,774.8198132643391,13.372725380389753,0.3245971734231373,101.05127458579794
2017,"HOU",6271,0.081167277,0.173337585,0.468261269,0.281767955,0.345544712,0.477811441,0.823356153,0.196043486,0.3089487,911.0554149958042,146.80530486132207,0.3486017445557222,121.1465841589379
2017,"LAD",6191,0.104829591,0.222904215,0.470289855,0.249075443,0.334469881,0.436760355,0.771230236,0.187684912,0.292847854,796.6515134696548,42.15104594572253,0.32963331570302634,104.41492208266926
2017,"MIL",6135,0.089160554,0.256071719,0.348185868,0.249314066,0.322172985,0.429120175,0.75129316,0.179806109,0.308004326,744.8377549404813,-2.837962756066225,0.321109614251844,93.65478278180734
2017,"WSN",6214,0.087222401,0.213550048,0.40844009,0.265982351,0.332198995,0.449306681,0.781505676,0.18332433,0.311143984,805.1222730438611,47.818783269395624,0.33078119529628985,98.85100704619406
2017,"NYM",6169,0.085751337,0.209272167,0.409759876,0.250272232,0.320397847,0.43430127,0.754699117,0.184029038,0.286458333,753.1839871194787,1.364671313447201,0.32168675913688827,100.53948041813008
2017,"PHI",6133,0.080547855,0.231045165,0.348623853,0.24968383,0.314626963,0.408852755,0.723479718,0.159168925,0.303517587,690.2350776302866,-57.196899000997135,0.3103068584249743,87.36256843624749
2017,"PIT",6136,0.08458279,0.197685788,0.427864798,0.24386222,0.318069916,0.385672407,0.703742323,0.141810187,0.286268801,657.0939629821304,-90.703625247049,0.3043434232778584,85.11132545469229
2017,"STL",6219,0.09535295,0.216755105,0.439910979,0.256307129,0.333765392,0.42595978,0.759725172,0.169652651,0.303778337,778.7422630116876,20.829420574062325,0.3256457822380352,100.82343544838783
2017,"SDP",5954,0.077258985,0.25176352,0.306871247,0.233569828,0.298881735,0.393390589,0.692272324,0.159820761,0.286949473,604.1233175701673,-121.49383372001098,0.2975304581425053,81.84878360358162
2017,"SFG",6137,0.076095812,0.196187062,0.387873754,0.24896415,0.308712741,0.380471987,0.689184728,0.131507837,0.293608054,619.3696563984913,-128.54980236332,0.29638774166352316,82.68551585432726
2018,"LAA",6108,0.084151931,0.212835625,0.395384615,0.241776315,0.313217448,0.413011695,0.726229143,0.17123538,0.277458093,709.2372359734454,-4.367359389694484,0.31327135957310304,97.76593161445173
2018,"BAL",6034,0.069937023,0.234007292,0.298866855,0.239150172,0.29828932,0.390956963,0.689246283,0.151806791,0.286402841,627.3114146632354,-77.6476764338812,0.2987656005121636,86.92749233794675
2018,"BOS",6302,0.090288797,0.198825769,0.454110135,0.268362084,0.338840349,0.453494575,0.792334924,0.185132491,0.309026128,865.0811816079955,128.81134533122574,0.3395622403396477,110.53103533699245
2018,"CHW",6071,0.070004941,0.26255971,0.266624843,0.241173275,0.301521667,0.401412275,0.702933942,0.160239,0.30431331,655.9340351349233,-53.34780809520513,0.3039873088521521,91.72770399906695
2018,"CLE",6300,0.087936507,0.188730158,0.465937762,0.258623771,0.331739199,0.434316353,0.766055552,0.175692582,0.290741615,815.8216507567992,79.78547675748952,0.33030047978829197,105.54291180077492
2018,"DET",6029,0.070990213,0.222424946,0.319164802,0.241354204,0.300299301,0.379504914,0.679804215,0.13815071,0.293494332,608.8421342204098,-95.53280118305652,0.2953191283864129,82.7220466217111
2018,"KCR",6063,0.070427181,0.216064654,0.325954198,0.245231607,0.305348567,0.39164396,0.696992527,0.146412353,0.292892156,648.7852359825162,-59.56195813777155,0.3026665949342736,87.42212047182326
2018,"MIN",6154,0.08677283,0.215794605,0.402108433,0.249547593,0.31784841,0.404994571,0.722842981,0.155446978,0.298034398,711.1183057734304,-7.860521971292181,0.3131836229279857,95.83090280595904
2018,"NYY",6271,0.099665125,0.226598628,0.439831104,0.249138712,0.329180642,0.45149592,0.780676562,0.202357208,0.284868759,837.9130090928317,105.26493811669354,0.33525513369494525,111.8128603584207
2018,"OAK",6255,0.087929656,0.220783373,0.398262128,0.252195734,0.325332053,0.4391468,0.764478853,0.186951066,0.293897882,806.098702636138,75.31992987968054,0.32944876494137515,111.9187952859177
2018,"SEA",6087,0.070642352,0.200591424,0.352170352,0.254307999,0.314172447,0.408126247,0.722298694,0.153818248,0.294924224,700.1722024797327,-10.978938970076534,0.31264200700480593,99.85665781339682
2018,"TBR",6195,0.08716707,0.224051654,0.389048991,0.258447488,0.333441453,0.406392694,0.739834147,0.147945206,0.317281163,761.1559110176431,37.387006584988654,0.32223107482693336,106.63103320623141
2018,"TEX",6163,0.090053545,0.240791822,0.373989218,0.239867962,0.318270799,0.404181184,0.722451983,0.164313222,0.292465213,718.072871977271,-1.9574360160220579,0.3145892829200119,88.58518281510369
2018,"TOR",6076,0.082126398,0.228275181,0.359769286,0.243929158,0.311810245,0.427058608,0.738868853,0.18312945,0.286189258,729.1350225560781,19.269023632299422,0.3185674838987493,99.68025674787849
2018,"ARI",6157,0.090953386,0.237128471,0.383561643,0.234981684,0.309792381,0.397435897,0.707228278,0.162454213,0.286120444,671.6739762508566,-47.65534491005582,0.30587244831678645,88.33135299132043
2018,"ATL",6251,0.08174692,0.206366981,0.396124031,0.256718022,0.324089003,0.417413113,0.741502116,0.160695091,0.302403846,747.2028762731132,16.891428071575913,0.3188998377658542,95.99744075794969
2018,"CHC",6369,0.090438059,0.217930601,0.41498559,0.258357041,0.333175205,0.410384068,0.743559273,0.152027027,0.312515188,771.3382099915051,27.240687419822017,0.32064890146103076,100.18516770293402
2018,"CIN",6240,0.089583333,0.22051282,0.40625,0.253796095,0.327572282,0.401482284,0.729054566,0.147686189,0.306543916,736.371281993029,7.344976317522503,0.31689097789915605,94.44573314425624
2018,"COL",6178,0.082065393,0.226124959,0.362920544,0.255910485,0.322033898,0.435300487,0.757334385,0.179390002,0.304205489,769.0679301561822,47.285155081938754,0.32492288348908577,88.31154843353451
2018,"MIA",6083,0.074798619,0.227519316,0.328757225,0.237427113,0.302794774,0.356596209,0.659390983,0.119169096,0.293236835,580.468885380207,-130.21493151468195,0.2890190913261042,83.45219727785734
2018,"HOU",6146,0.09192971,0.19476082,0.472013366,0.254905556,0.329196603,0.425270493,0.754467096,0.170364937,0.28930664,777.7251690291364,59.68099039425436,0.3265826866628692,109.78415102705307
2018,"LAD",6358,0.10176156,0.225857187,0.450557103,0.250179468,0.33264757,0.441672648,0.774320218,0.19149318,0.294162436,830.4581381986397,87.64575815298737,0.33261783449549454,111.35884330681222
2018,"MIL",6210,0.086473429,0.234782608,0.368312757,0.252255503,0.322596309,0.424395525,0.746991834,0.172140022,0.302022011,759.9339181082369,34.41254659463172,0.32215914669426343,99.94810876270067
2018,"WSN",6288,0.100349872,0.204993638,0.489526764,0.254123617,0.334880742,0.41852456,0.753405302,0.164400943,0.297032131,786.1404968882946,51.50629655374566,0.3252910632556483,100.84317769261811
2018,"NYM",6177,0.091630241,0.227294803,0.403133903,0.23445501,0.312408521,0.388624725,0.701033246,0.154169715,0.282520325,669.3659693471044,-52.29997458840913,0.30468034273314826,93.9960922502796
2018,"PHI",6136,0.094850065,0.247718383,0.382894736,0.234144542,0.313995411,0.392514749,0.70651016,0.158370207,0.289066666,676.4716674566246,-40.40419979095699,0.30736136161469807,90.53664518369203
2018,"PIT",6066,0.078140454,0.202604681,0.385679414,0.253534055,0.317307692,0.407196621,0.724504313,0.153662566,0.297592997,693.0586690969367,-15.639018439541484,0.3122635693362366,94.8727625745859
2018,"STL",6200,0.084677419,0.222580645,0.380434782,0.248999636,0.320923427,0.409239723,0.73016315,0.160240087,0.293865185,726.5152286218615,2.162168495556826,0.3157614834900477,99.35458909311679
2018,"SDP",6059,0.077735599,0.25136161,0.309258043,0.23496172,0.297310756,0.38005833,0.677369086,0.14509661,0.293719051,601.2339344173737,-106.64593514799395,0.2936807587553932,84.36548362562363
2018,"SFG",6113,0.073286438,0.239980369,0.305385139,0.238946038,0.299506578,0.367803645,0.667310223,0.128857607,0.299020838,585.2840383613361,-128.9047126954543,0.28956524891569124,81.61952385778021
2019,"LAA",6251,0.093745,0.204127339,0.459247648,0.246842295,0.32403399,0.421869361,0.745903351,0.175027066,0.280821917,769.2643914053349,-17.2215931882952,0.3164541591150859,95.67185766458495
2019,"BAL",6189,0.07464857,0.231862982,0.321951219,0.246426018,0.310087577,0.414581844,0.724669421,0.168155826,0.292597239,713.2664637408337,-65.41882799648421,0.30780851730629777,88.25802027094966
2019,"BOS",6475,0.091119691,0.213436293,0.42691751,0.26932409,0.339841933,0.465857885,0.805699818,0.196533795,0.312634344,914.8141081977792,100.14497522005527,0.33796254550442806,105.9575429839942
2019,"CHW",6042,0.062562065,0.256372062,0.244028405,0.26098752,0.314238134,0.413998914,0.728237048,0.153011394,0.329242819,702.7431897528277,-57.44691085742846,0.3091487058392354,91.63414315968134
2019,"CLE",6124,0.091933376,0.217504898,0.422672672,0.249585253,0.323307034,0.432258064,0.755565098,0.182672811,0.288815117,765.2084366078205,-5.298709393041442,0.3189722110640699,97.41334758277459
2019,"DET",6039,0.064745818,0.264116575,0.245141065,0.240223463,0.293864013,0.38817805,0.682042063,0.147954587,0.30777229,600.902899087205,-158.9097486429071,0.28951888873261655,77.47139781050436
2019,"KCR",6080,0.075,0.231085526,0.32455516,0.24672489,0.309102924,0.400836972,0.709939896,0.154112082,0.300679929,669.3084885933328,-95.66268183208219,0.30183702397220097,84.00381300248105
2019,"MIN",6392,0.082133917,0.208698372,0.393553223,0.269888346,0.337513716,0.494068387,0.831582103,0.224180041,0.300096805,953.066288022064,148.84001806166054,0.34687732080874784,116.39827427080643
2019,"NYY",6245,0.09111289,0.230104083,0.395963813,0.26741895,0.338626884,0.489879992,0.828506876,0.222461042,0.306480764,927.4683911060981,141.73731227275678,0.34639191979415324,116.77614155570582
2019,"OAK",6269,0.092199712,0.213431169,0.431988041,0.248876101,0.327211753,0.448300665,0.775512418,0.199424564,0.281609195,829.1381177610652,40.3874158865708,0.3274366984375006,107.12993858745529
2019,"SEA",6199,0.094854008,0.255041135,0.371916508,0.237272727,0.315542616,0.424,0.739542616,0.186727273,0.286790422,748.4524172481244,-31.49105075634085,0.3141097788713448,98.86174415576524
2019,"TBR",6285,0.086237072,0.237549721,0.363027461,0.25355366,0.32531464,0.431236673,0.756551313,0.177683013,0.306174089,794.7029187817602,3.939134879830445,0.3206100406996526,104.03600350622158
2019,"TEX",6204,0.0860735,0.25435203,0.338403041,0.24801444,0.319320937,0.430866425,0.750187362,0.182851985,0.304255881,765.6256854596112,-14.946870678427453,0.3172318134544463,87.62781321421627
2019,"TOR",6091,0.083565916,0.248563454,0.336195508,0.236482796,0.305020576,0.428181321,0.733201897,0.191698525,0.279787234,712.0756347574433,-54.27952956183351,0.3096895100750023,92.40112398189254
2019,"ARI",6315,0.085510688,0.215360253,0.397058823,0.251908396,0.322934903,0.434404402,0.757339305,0.182496006,0.292939164,786.3085769423959,-8.229735760975188,0.31918349976117505,93.37309473676018
2019,"ATL",6302,0.098222786,0.232783243,0.421949556,0.257553956,0.336467963,0.452158273,0.788626236,0.194604317,0.304975509,855.2098508883032,62.30716733222336,0.3320723753981143,100.97990784584124
2019,"CHC",6195,0.09378531,0.23567393,0.397945205,0.252334737,0.33127839,0.45193188,0.78321027,0.199597143,0.296511627,826.8338657587002,47.39366826109382,0.329643922545474,100.3790017364668
2019,"CIN",6100,0.080655737,0.235409836,0.342618384,0.243669724,0.314808707,0.421651376,0.736460083,0.177981652,0.288219895,721.2750494780884,-46.21247348162064,0.31188151121415886,84.96025592243849
2019,"COL",6288,0.077767175,0.239026717,0.325349301,0.265371024,0.326222935,0.45565371,0.781876645,0.190282686,0.321428571,828.8188274746918,37.67759069261797,0.3278860276927887,87.2210840134432
2019,"MIA",6045,0.065343258,0.243010752,0.268890401,0.240566037,0.298353567,0.374637155,0.672990722,0.134071118,0.300254452,590.4960237551268,-170.0715297352734,0.28802278806353404,78.5131932591816
2019,"HOU",6394,0.100875821,0.182358461,0.553173241,0.274006769,0.352452593,0.495456974,0.847909567,0.221450205,0.296489563,996.2283694733177,191.75046425948474,0.35467182551256,124.17677254329935
2019,"LAD",6282,0.096625278,0.215854823,0.447640117,0.257371678,0.337562229,0.471969421,0.80953165,0.214597743,0.290727459,884.1018423622846,93.71551134049885,0.3383423282683474,109.7182539089164
2019,"MIL",6309,0.099698842,0.247741321,0.402431222,0.246481414,0.329087724,0.438289426,0.76737715,0.191808012,0.296256968,814.0780155948868,20.29460865180411,0.3238325017368704,96.88763604292467
2019,"WSN",6267,0.093186532,0.208712302,0.44648318,0.264876632,0.341694806,0.454462989,0.796157795,0.189586357,0.306102117,868.7813194586963,80.28225283763105,0.3356960747394599,103.7852770740814
2019,"NYM",6290,0.082034976,0.220031796,0.372832369,0.256934566,0.328329607,0.44185633,0.770185937,0.184921764,0.298881987,817.1948545781155,25.801982542612304,0.32513465356696625,104.99474021047286
2019,"PHI",6261,0.089762018,0.232071554,0.38678596,0.245736851,0.31940874,0.426673846,0.746082586,0.180936995,0.293116586,754.6641271953533,-33.08003366542365,0.3144088300161808,90.4090025322915
2019,"PIT",6228,0.068240205,0.194765574,0.350370981,0.264627894,0.321249393,0.420187378,0.741436771,0.155559484,0.309154113,743.946919690033,-39.64525948915839,0.31296262882089104,91.77759634272849
2019,"STL",6167,0.090968055,0.230257823,0.395070422,0.245182602,0.322175048,0.414755,0.736930048,0.169572398,0.291936738,740.7806823636126,-35.13662158598178,0.3141665370477204,95.36521601845665
2019,"SDP",6019,0.083734839,0.262668217,0.318785578,0.237618252,0.307640862,0.409942496,0.717583358,0.172324244,0.293208172,672.669597155554,-84.62669804026373,0.3046289135829109,88.7070923679911
2019,"SFG",6170,0.076985413,0.232576985,0.331010452,0.238752464,0.302147738,0.391647248,0.693794986,0.152894784,0.289873102,640.4449568811993,-135.8497999485393,0.2947973391296817,82.17912056523083
2020,"LAA",2308,0.103552859,0.212305025,0.487755102,0.248019801,0.332319721,0.430198019,0.76251774,0.182178218,0.284347231,307.9020883700244,18.33497711628594,0.32907059287235024,106.45869259138655
2020,"BAL",2242,0.073148974,0.229259589,0.319066147,0.258144126,0.320610687,0.429417571,0.750028258,0.171273445,0.308650519,287.1825198969337,5.895923956343731,0.32303129001097247,101.94197510671518
2020,"BOS",2304,0.081163194,0.236545138,0.343119266,0.2650024,0.330434782,0.445031204,0.775465986,0.180028804,0.321282401,314.446136052144,25.380874211323754,0.33291882068490897,105.13479900008505
2020,"CHW",2267,0.078958976,0.251874724,0.313485113,0.260869565,0.325673884,0.45334636,0.779020244,0.192476795,0.314429289,311.90256986084546,27.479415089517474,0.33416907551223257,111.13500211818987
2020,"CLE",2247,0.10636404,0.230084557,0.462282398,0.227667177,0.316800714,0.372128637,0.688929351,0.14446146,0.276626161,250.1534491076061,-31.760458599131407,0.3032775538887632,90.21550508279643
2020,"DET",2076,0.070809248,0.273121387,0.259259259,0.244585314,0.303424987,0.396724775,0.700149762,0.152139461,0.313771517,231.57783470402458,-28.882010600464586,0.30323703874722413,91.80307592634625
2020,"KCR",2200,0.078181818,0.239545454,0.326375711,0.243963782,0.308500914,0.402414486,0.7109154,0.158450704,0.297220242,253.6604111942742,-22.356765910675737,0.30802034780689996,90.40595047734391
2020,"MIN",2168,0.085793357,0.243542435,0.352272727,0.241610738,0.315327793,0.427465152,0.742792945,0.185854414,0.283033033,271.3198914099391,-0.6824903916661427,0.31917241844359406,103.00590539127357
2020,"NYY",2210,0.11357466,0.21719457,0.522916666,0.246997389,0.341640235,0.446997389,0.788637624,0.2,0.280325443,315.97886318796765,38.70706255072251,0.3405720136795772,116.85170240024026
2020,"OAK",2201,0.108132666,0.238073602,0.454198473,0.225366876,0.321509777,0.396226415,0.717736192,0.170859539,0.270535041,265.0347472294986,-11.107892228680907,0.3137490699914986,103.09800121076002
2020,"SEA",2181,0.094910591,0.249885373,0.379816513,0.225505443,0.308539944,0.369621565,0.678161509,0.144116122,0.280688622,233.29693449827923,-40.33645789530978,0.2979181483216512,91.64567986938738
2020,"TBR",2261,0.107474568,0.268907563,0.399671052,0.237974683,0.327876106,0.424810126,0.752686232,0.186835443,0.299769408,293.91261265432496,10.242232002374134,0.325133465650822,110.59458640016265
2020,"TEX",2147,0.077782952,0.255239869,0.304744525,0.216942148,0.284848484,0.363636363,0.648484847,0.146694215,0.266369047,202.08110084838577,-67.28657153539952,0.28256942984325434,76.20415820859465
2020,"TOR",2263,0.089703932,0.224480777,0.399606299,0.255066732,0.324600355,0.440929312,0.765529667,0.18586258,0.297015961,300.6095500363095,16.688244677899622,0.32890148699495714,103.8398050866472
2020,"ARI",2239,0.08083966,0.205895489,0.392624728,0.241741741,0.312779267,0.391891891,0.704671158,0.15015015,0.282956058,254.98225655033082,-25.927952330570502,0.3060694078773434,88.03579908265444
2020,"ATL",2344,0.101962457,0.244453924,0.417102966,0.268081002,0.349125053,0.482642237,0.83176729,0.214561235,0.322419928,364.0585582177167,69.97480224771553,0.3547513426629259,119.81755146165622
2020,"CHC",2214,0.1034327,0.256549232,0.403169014,0.220020855,0.317811934,0.386861313,0.704673247,0.166840458,0.269976726,257.0325983346584,-20.74105171550489,0.30855799619576846,91.91578692797776
2020,"CIN",2123,0.112576542,0.251530852,0.447565543,0.211726384,0.312116925,0.402823018,0.714939943,0.191096634,0.244897959,252.2207926086005,-14.135783297676214,0.31185084798170476,86.65533918091712
2020,"COL",2257,0.071333628,0.240584847,0.29650092,0.256684491,0.311081441,0.404958677,0.716040118,0.148274186,0.31632653,259.62442160720093,-23.54410963183185,0.30744707061673704,75.83711777920077
2020,"MIA",2167,0.088140286,0.247808029,0.355679702,0.243927648,0.318518518,0.384496124,0.703014642,0.140568476,0.305864884,249.5925382122798,-22.284381236095893,0.30750887988337566,93.14770572554937
2020,"HOU",2228,0.086175942,0.197486535,0.436363636,0.239959839,0.312162162,0.407630522,0.719792684,0.167670683,0.273395721,263.54812906698197,-15.981993928394546,0.3113659696169954,96.60800908345563
2020,"LAD",2316,0.098445595,0.203367875,0.484076433,0.256121449,0.337802768,0.482859941,0.820662709,0.226738492,0.276450511,348.7609270036374,58.19011692406279,0.34958523721343265,120.22118748360356
2020,"MIL",2188,0.101005484,0.265996343,0.379725085,0.2234375,0.313357731,0.3890625,0.702420231,0.165625,0.278083267,250.61329599978552,-23.89833286641018,0.3067406452063358,89.86051155080156
2020,"WSN",2218,0.086564472,0.203336339,0.42572062,0.263719512,0.335743334,0.433434959,0.769178293,0.169715447,0.307744565,298.28835095534794,20.012851492266496,0.32983097419122376,104.4746806719295
2020,"NYM",2279,0.086441421,0.218516893,0.395582329,0.27236777,0.348112379,0.459218981,0.80733136,0.186851211,0.320247933,338.2264604480076,52.29775743792531,0.3470723322309586,122.74457889551174
2020,"PHI",2223,0.103013945,0.215924426,0.477083333,0.256673511,0.341760722,0.439425051,0.781185773,0.18275154,0.299426934,309.82636194299,30.923550713761067,0.33614575575567907,108.32806736327971
2020,"PIT",2134,0.078256794,0.244142455,0.320537428,0.219979296,0.283764705,0.357142857,0.640907562,0.137163561,0.267739575,194.70408724089225,-73.03257455090917,0.27908036358911176,71.61208970715911
2020,"STL",2011,0.101939333,0.237195425,0.429769392,0.234018264,0.323030907,0.371004566,0.694035473,0.136986302,0.289516129,229.60098773722447,-22.703804607345713,0.3063637197940158,93.49349028364665
2020,"SDP",2231,0.091438816,0.214701927,0.425887265,0.256592292,0.332732191,0.465517241,0.798249432,0.208924949,0.291076487,319.2457262637755,39.33921620871038,0.3409705645999253,116.43907908962468
2020,"SFG",2259,0.086321381,0.2208942,0.390781563,0.26349678,0.334516415,0.450718177,0.785234592,0.187221397,0.31060606,315.81588160099494,32.39642565550312,0.3366778241876821,111.88453283680434
2021,"LAA",6016,0.077127659,0.231715425,0.332855093,0.244804119,0.309774436,0.406842008,0.716616444,0.162037889,0.294223826,699.2030920197548,-29.068536360067025,0.3084895757066102,93.11723258845261
2021,"BAL",5983,0.075380244,0.243021895,0.310178817,0.239114391,0.303670186,0.401660516,0.705330702,0.162546125,0.289584429,677.7157855123749,-46.56100182081555,0.3050349826576528,90.58072344429526
2021,"BOS",6120,0.083496732,0.226470588,0.368686868,0.260964513,0.328367981,0.448953594,0.777321575,0.187989081,0.309003051,833.5299105088327,92.66848004265759,0.33272012406741336,105.30011979675417
2021,"CHW",6084,0.096318211,0.228303747,0.421886249,0.256300168,0.336138613,0.42225126,0.758389873,0.165951092,0.309929263,809.4700630029188,72.9666409512506,0.3290527831227326,107.74363612187207
2021,"CLE",5907,0.076688674,0.234806162,0.326604181,0.237996999,0.303483432,0.406976744,0.710460176,0.168979745,0.282159872,674.7429336012631,-40.333613745746064,0.30621707110261115,95.40001294838318
2021,"DET",5979,0.081953503,0.253219601,0.32364597,0.241629464,0.307550335,0.399181547,0.706731882,0.157552083,0.300026788,680.7132284695348,-43.07933570648847,0.30576997291376834,92.77382264862642
2021,"KCR",5993,0.070248623,0.209911563,0.334658187,0.248571955,0.306465155,0.395614519,0.702079674,0.147042564,0.292262198,671.5525670793653,-53.93477814674395,0.30368194553818806,87.56314752349171
2021,"MIN",6078,0.086377097,0.231161566,0.37366548,0.241392008,0.314106789,0.423494752,0.737601541,0.182102744,0.28203125,751.5019502681273,15.72486295221035,0.3175350101875522,102.29889495028534
2021,"NYY",6060,0.102475247,0.244554455,0.41902834,0.237478897,0.322367333,0.406865503,0.729232836,0.169386606,0.285167986,746.8831059345559,13.28502282589231,0.3171555232685661,102.73024101643941
2021,"OAK",6104,0.089285714,0.221002621,0.404002965,0.237998146,0.31657631,0.405931417,0.722507727,0.167933271,0.278490759,731.9664534143037,-6.958084423201516,0.3130806761773846,102.49560999868231
2021,"SEA",6010,0.089018302,0.248252911,0.358579088,0.225770308,0.302767589,0.384873949,0.687641538,0.159103641,0.272972972,654.6706501189773,-72.8746435250935,0.2997861007020151,93.18248287585881
2021,"TBR",6213,0.094157411,0.24818928,0.379377431,0.242600326,0.321192586,0.428908661,0.750101247,0.186308335,0.294397463,793.041141404728,40.92152253441027,0.32241813426034743,108.75151535591293
2021,"TEX",5943,0.072858825,0.232374221,0.313540912,0.2320074,0.294415387,0.37520814,0.669623527,0.14320074,0.279578189,605.5124654025503,-113.92209035896576,0.2912298636761231,83.02231668148555
2021,"TOR",6069,0.081726808,0.200692041,0.407224958,0.265704894,0.330472103,0.466033601,0.796505704,0.200328707,0.295956338,864.0300005546688,129.34241534237856,0.34032781292948794,112.47730939986752
2021,"ARI",6144,0.087402343,0.23844401,0.366552901,0.236290763,0.309102815,0.382401165,0.69150398,0.146110402,0.295035823,670.7243221716774,-73.0424472375023,0.3006836158675947,85.78852975316592
2021,"ATL",6056,0.090653896,0.239927344,0.377838953,0.24370688,0.319329126,0.435017713,0.754346839,0.191310833,0.287560581,772.3352536963416,39.22139374484549,0.32290754993743337,99.06803293287234
2021,"CHC",5972,0.084058941,0.267247153,0.31453634,0.236524689,0.311804384,0.407463249,0.719267633,0.17093856,0.296033994,703.2747885134198,-19.6703851375603,0.31141164491125395,93.68607888276905
2021,"CIN",6162,0.089743589,0.231256085,0.388070175,0.2493085,0.328109696,0.431311082,0.759420778,0.182002582,0.295734101,807.2992250389291,61.35345142249601,0.32729430677342386,98.21922964899366
2021,"COL",6007,0.081737972,0.22573664,0.362094395,0.248976553,0.316663869,0.414402679,0.731066548,0.165426126,0.298553719,723.9729525317879,-3.2091737444071615,0.31498130075853215,80.47884292817858
2021,"MIA",5929,0.075898127,0.261932872,0.289761751,0.232566834,0.29843909,0.372032155,0.670471245,0.139465321,0.296074154,601.4990280807148,-116.24074663071556,0.29142613887461877,79.51343763652899
2021,"HOU",6290,0.090461049,0.194276629,0.465630114,0.267477203,0.339012738,0.444484176,0.783496914,0.177006973,0.303282588,876.3093714323516,114.86845678656054,0.3364977335567764,114.68428270821663
2021,"LAD",6239,0.098252925,0.225677191,0.435369318,0.244260789,0.329788947,0.429017447,0.758806394,0.184756658,0.284265279,815.6141756122414,60.34710622033526,0.3267943585562254,105.266692912939
2021,"MIL",6100,0.096065573,0.240163934,0.4,0.233451426,0.317193675,0.396233451,0.713427126,0.162782025,0.282963359,714.7007443633137,-23.73957031702421,0.31013196165538803,92.04974118497299
2021,"WSN",6113,0.093734663,0.213152298,0.439754412,0.257753017,0.336736374,0.417084493,0.753820867,0.159331476,0.306792164,794.3927111072993,54.37867116616729,0.32586774045159766,102.00460273900987
2021,"NYM",5856,0.084528688,0.237704918,0.355603448,0.238579654,0.314668498,0.390595009,0.705263507,0.152015355,0.291132332,669.732507153487,-39.170194939637476,0.3069068735193256,94.47453038044227
2021,"PHI",6089,0.092626046,0.230251272,0.402282453,0.240029817,0.317715231,0.40849795,0.726213181,0.168468133,0.286164347,727.0121810683132,-10.09651992981428,0.3131597758272817,93.55727230941791
2021,"PIT",5983,0.088417182,0.221962226,0.398343373,0.23631934,0.309023693,0.364130434,0.673154127,0.127811094,0.289977046,620.9239399629876,-103.35284737020292,0.2942669069724761,80.4652902553529
2021,"STL",6001,0.079653391,0.223462756,0.35645041,0.243505886,0.313307601,0.411511866,0.724819467,0.16800598,0.28656639,708.2584827963033,-18.19730874414074,0.3119674713671539,95.22809257856152
2021,"SDP",6119,0.095767282,0.216375224,0.442598187,0.242384843,0.321211123,0.401188707,0.72239983,0.158803864,0.286551197,727.0360107209763,-13.70436395590681,0.31216189825742224,98.60298026107198
2021,"SFG",6196,0.097159457,0.235797288,0.412046543,0.248993042,0.329002923,0.440131819,0.769134742,0.191138777,0.295250659,823.0308957003775,72.96922524802093,0.3294959891530821,108.19583703513891
2022,"LAA",5977,0.075121298,0.257487033,0.291747888,0.23326572,0.297092925,0.390189931,0.687282856,0.156924211,0.289056197,638.2694075565706,-45.17933639027958,0.30012070078031045,92.91482186738608
2022,"BAL",6049,0.078690692,0.229790047,0.342446043,0.235955056,0.305090366,0.390311291,0.695401657,0.154356235,0.283814881,669.7201499600039,-21.961538534976377,0.30524886833475073,100.74984114006556
2022,"BOS",6144,0.077799479,0.223470052,0.348142753,0.25762773,0.321096426,0.409460191,0.730556617,0.151832461,0.313300492,745.8756687441041,43.33106730367434,0.3186545453714301,101.98147025192706
2022,"CHW",6123,0.06336763,0.207251347,0.305752561,0.255747638,0.310463402,0.387096774,0.697560176,0.131349136,0.304162724,683.2872975470831,-16.856028400142037,0.30635316171932314,98.40361726345796
2022,"CLE",6163,0.073016388,0.182054194,0.401069518,0.253688377,0.3160723,0.382511694,0.698583994,0.128823317,0.294198578,685.2193073901246,-19.497876639394924,0.3056406451384617,99.82942227217556
2022,"DET",5870,0.064735945,0.240715502,0.268931351,0.230568984,0.286348122,0.345667534,0.632015656,0.11509855,0.289817902,527.7654163854836,-143.44825719122903,0.27901077339768166,80.83889952474763
2022,"KCR",6010,0.076539101,0.214143094,0.357420357,0.24406842,0.306395057,0.379621114,0.686016171,0.135552694,0.293145956,647.7008751769578,-39.521301687785424,0.30156207277957353,91.11268820510459
2022,"MIN",6113,0.084737444,0.221331588,0.382852919,0.247626004,0.317273025,0.400840029,0.718113054,0.153214025,0.295164119,724.014740828263,25.01487940161135,0.3149458462920727,105.66639714787144
2022,"NYY",6172,0.100453661,0.22537265,0.445722501,0.241239395,0.324719648,0.426226484,0.750946132,0.184987089,0.276060764,793.3157734158892,87.56947131785337,0.3271561705912175,113.97707802617315
2022,"OAK",5863,0.073852976,0.236909432,0.311735061,0.215844937,0.280698749,0.345690628,0.626389377,0.129845691,0.264328709,518.946330367642,-151.46691804466928,0.2773049146407099,82.35327144796342
2022,"SEA",6116,0.097449313,0.228417266,0.426628489,0.229953488,0.314660114,0.389581395,0.704241509,0.159627907,0.27156299,702.5785223516064,3.2356215687827534,0.3103639398568093,108.18514379919837
2022,"TBR",6008,0.08322237,0.232190412,0.358422939,0.2390983,0.3085,0.377124907,0.685624907,0.138026607,0.295471987,650.7749056133022,-36.21857834732644,0.3022049437963805,100.02654314123262
2022,"TEX",6029,0.075634433,0.239840769,0.315352697,0.238773274,0.300880544,0.39539978,0.696280324,0.156626506,0.286673553,664.964631405693,-24.430128048140098,0.3046314408244518,97.77449381469944
2022,"TOR",6158,0.081195193,0.20168886,0.402576489,0.263546354,0.328666775,0.431143114,0.759809889,0.16759676,0.304872165,809.6843592702113,105.53890750097847,0.3313472821020185,117.92815172644043
2022,"ARI",6026,0.088118154,0.222535678,0.395973154,0.230237338,0.304238985,0.385161652,0.689400637,0.154924314,0.272446616,655.1353865068629,-33.9163335907982,0.30276103470787313,92.56230594902178
2022,"ATL",6082,0.077277211,0.246300559,0.313751668,0.253040479,0.317382009,0.443456162,0.760838171,0.190415683,0.302576235,794.3728912684735,98.91776985560016,0.33017858544618733,111.83532295468119
2022,"CHC",6072,0.083498023,0.238471673,0.350138121,0.238341013,0.311302048,0.386543778,0.697845826,0.148202765,0.29423975,680.5248096422798,-13.786847250019772,0.30694488518438723,99.6454096940536
2022,"CIN",5977,0.075623222,0.23925046,0.316083916,0.234944237,0.303508477,0.372304832,0.675813309,0.137360595,0.289521818,630.4992368502195,-52.94950709663081,0.2987120269707443,84.914344687241
2022,"COL",6105,0.074201474,0.217854217,0.340601503,0.254151624,0.315392189,0.397653429,0.713045618,0.143501805,0.306998293,710.9575573202287,12.872467510036312,0.31240514846595785,87.66703895993973
2022,"MIA",5949,0.073289628,0.240208438,0.305108467,0.230027803,0.294256358,0.363484708,0.657741066,0.133456905,0.284344219,588.8505635780784,-91.39647971116572,0.2904279939723525,83.17573648348522
2022,"HOU",6054,0.087215064,0.194747274,0.44783715,0.247920133,0.319423745,0.423923091,0.743346836,0.176002958,0.277723016,761.2379751300869,68.98455437481955,0.3239584056825421,113.02522509987489
2022,"LAD",6247,0.097166639,0.219945573,0.441775836,0.256605139,0.333386735,0.441730003,0.775116738,0.185124864,0.302028549,847.7384284034606,133.4161424011228,0.33656048353078666,119.13644853158551
2022,"MIL",6122,0.094250245,0.239137536,0.394125683,0.234631714,0.315496645,0.408528705,0.72402535,0.173896991,0.278971095,734.7125168494965,34.683537354328664,0.3168525391607507,103.53883439417014
2022,"WSN",5998,0.07369123,0.203567855,0.361998361,0.248619801,0.310229365,0.377438351,0.687667716,0.12881855,0.295333009,652.3028860572647,-33.547133382790385,0.3027269239494453,94.58900610096474
2022,"NYM",6176,0.08257772,0.197053108,0.41906327,0.259063581,0.332087733,0.411914738,0.744002471,0.152851157,0.301809408,784.3415916968729,78.13790379060764,0.32574238287099616,113.4749493975512
2022,"PHI",6077,0.078657232,0.2242883,0.350696991,0.253275109,0.316639209,0.422125181,0.73876439,0.168850072,0.298841893,752.3975109858551,57.51412183326867,0.3216073669351693,106.5941493937309
2022,"PIT",5912,0.080514208,0.253213802,0.317969271,0.222472331,0.29119294,0.363721628,0.654914568,0.141249297,0.277238403,577.1389270931314,-98.87729746999031,0.2887104355289247,82.06792915839985
2022,"STL",6165,0.087104622,0.198864557,0.438009787,0.252183406,0.325267944,0.420123726,0.74539167,0.16794032,0.288732394,784.4087006231227,79.4628236894885,0.3259408037042315,111.60946249586341
2022,"SDP",6175,0.092955465,0.214898785,0.432554634,0.240855888,0.31789371,0.381675201,0.699568911,0.140819313,0.288547347,698.4029383972694,-7.68640305693844,0.30807694356580373,101.68239239120338
2022,"SFG",6116,0.093361674,0.239045127,0.390560875,0.233864985,0.315333006,0.389651335,0.704984341,0.15578635,0.28368421,703.2375275857003,3.894626802876978,0.31051788218435505,101.57991174623218
2023,"LAA",6145,0.084296175,0.248006509,0.339895013,0.245217708,0.316862361,0.426124977,0.742987338,0.180907269,0.294973544,758.9616412936476,10.22915563422714,0.3199746922525004,101.06572151421712
2023,"BAL",6123,0.08361914,0.223746529,0.373722627,0.254595086,0.320708312,0.420928116,0.741636428,0.16633303,0.304838305,756.2837349527406,10.231821251742547,0.32045680390289794,105.43696868012616
2023,"BOS",6174,0.078717201,0.222222222,0.354227405,0.258360302,0.324016899,0.424307802,0.748324701,0.1659475,0.310413059,779.5068876116243,27.24092073428298,0.3236913244505623,99.34982585020266
2023,"CHW",5980,0.063043478,0.23812709,0.264747191,0.23777495,0.291491861,0.383748409,0.67524027,0.145973459,0.288945362,600.0340108668133,-128.59418510443714,0.29247738177126104,83.01640624018718
2023,"CLE",6096,0.077263779,0.187335958,0.412434325,0.250136042,0.313167844,0.381461998,0.694629842,0.131325956,0.292472617,658.5117725766129,-84.2503482663208,0.3015157035421737,91.13439251737077
2023,"DET",6080,0.083552631,0.242269736,0.344874405,0.2358525,0.304813715,0.381526104,0.686339819,0.145673604,0.29113924,647.152202693614,-93.66041127046687,0.29984017065880003,89.77493395039777
2023,"KCR",5985,0.068671679,0.233249791,0.294412607,0.244104642,0.302781501,0.397568165,0.700349666,0.153463523,0.295900178,652.3063889831407,-76.93102788775143,0.302903782468742,86.2596703684845
2023,"MIN",6219,0.095513748,0.265959157,0.359129383,0.243395882,0.325761237,0.427582437,0.753343674,0.184186555,0.303522289,800.4883459833,42.73939100918487,0.32666121018598804,107.83997352530388
2023,"NYY",5973,0.093252971,0.238908421,0.390329362,0.226751831,0.303706188,0.397332331,0.701038519,0.1705805,0.266092108,659.5472480281584,-68.22803868359392,0.3044882563606243,91.89264221274337
2023,"OAK",5966,0.083473013,0.250754274,0.3328877,0.223498399,0.298482293,0.370363396,0.668845689,0.146864997,0.276086956,601.3910531068808,-125.53132434537343,0.29316750756990834,87.82062221183304
2023,"SEA",6201,0.088372843,0.258506692,0.341859014,0.242181818,0.321336346,0.412545454,0.7338818,0.170363636,0.301288936,760.4871905594806,4.931430824075324,0.3192700611873955,108.44117639445105
2023,"TBR",6164,0.08338741,0.230369889,0.36197183,0.259843948,0.331438778,0.444928325,0.776367103,0.185084377,0.308284175,837.0454049213116,85.99787984325314,0.33521079691497896,117.10434999254566
2023,"TEX",6306,0.094988899,0.224548049,0.423022598,0.262734584,0.337146488,0.452368185,0.789514673,0.189633601,0.309792136,880.1825413738703,111.83314274599311,0.33969398540582213,116.25320856240374
2023,"TOR",6220,0.088424437,0.20948553,0.422102839,0.255843221,0.3286657,0.41657677,0.74524247,0.160733549,0.300999268,786.6475678124737,28.776768658430417,0.32397466409512155,106.63695367219293
2023,"ARI",6124,0.088177661,0.203625081,0.433039294,0.25,0.321663379,0.408204562,0.729867941,0.158204562,0.292904493,738.8540025908334,-7.319755290092919,0.3169703767520679,96.36509709744699
2023,"ATL",6249,0.086093775,0.206273003,0.417377812,0.275683401,0.343955164,0.500804002,0.844759166,0.225120601,0.305637982,974.4104204299141,213.0061400579501,0.3593280624577319,125.31868995855203
2023,"CHC",6220,0.091639871,0.22363344,0.409777138,0.254178779,0.329840399,0.420784883,0.750625282,0.166606104,0.303099017,795.5885116085714,37.71771245452832,0.3257696674005622,106.42692626876408
2023,"CIN",6195,0.089749798,0.24213075,0.370666666,0.249318057,0.326910621,0.419530823,0.746441444,0.170212766,0.306266318,786.8133594160104,31.98866476017481,0.32463944677249,96.62940894899087
2023,"COL",6055,0.073823286,0.254830718,0.289695398,0.248908296,0.310110872,0.404657933,0.714768805,0.155749637,0.314539284,694.8331545334848,-42.93335493238856,0.3098441948847229,80.08967245189741
2023,"MIA",6043,0.07115671,0.212973688,0.334110334,0.258868473,0.316375727,0.404766236,0.721141963,0.145897763,0.307937285,705.1916709592923,-31.112708347441266,0.312173346502679,92.17875207979301
2023,"HOU",6253,0.08795778,0.198464736,0.443190975,0.258846775,0.331192807,0.436680438,0.767873245,0.177833663,0.294160231,830.9347829811635,69.04312588948626,0.33164072907017034,112.201091416133
2023,"LAD",6333,0.101689562,0.214590241,0.473877851,0.257422157,0.34024043,0.454742939,0.794983369,0.197320782,0.294353826,892.0828831156318,120.44369162969055,0.3411892221554766,116.03215342802632
2023,"MIL",6084,0.097140039,0.232084155,0.41855524,0.23950984,0.319229502,0.385072409,0.704301911,0.145562569,0.292359667,692.438416553,-48.8615741307941,0.30868029389804025,92.11399310890275
2023,"WSN",6085,0.069515201,0.188824979,0.368146214,0.253712423,0.313809602,0.395689967,0.709499569,0.141977544,0.29342723,694.3519689477572,-47.06986591596503,0.3090397032600705,93.09259839460209
2023,"NYM",6056,0.086690885,0.219782034,0.39444027,0.237926533,0.316260566,0.407234756,0.723495322,0.169308223,0.275226977,720.283103525504,-17.605250120297537,0.31499039440881926,100.15693777364446
2023,"PHI",6207,0.086837441,0.238601578,0.363943281,0.255730012,0.327087707,0.437827107,0.764914814,0.182097095,0.308346213,813.578927417488,57.292102602512784,0.3294202545934026,105.82880057510557
2023,"PIT",6089,0.091312202,0.240433568,0.37978142,0.23917869,0.31453076,0.391971883,0.706502643,0.152793193,0.296393099,690.4540328188734,-51.455178764562305,0.30841801986270584,89.54884842117961
2023,"STL",6204,0.091876208,0.213733075,0.429864253,0.249727767,0.325844512,0.415789473,0.741633985,0.166061706,0.290877367,775.6452568955079,19.72396462031757,0.32220911003009234,103.05686467911667
2023,"SDP",6180,0.10566343,0.212135922,0.498093058,0.243658581,0.329163281,0.413256804,0.742420085,0.169598223,0.282769152,777.8662764541705,24.86924449725934,0.3232176678831986,105.92806903461756
2023,"SFG",6095,0.089253486,0.244790812,0.36461126,0.234848484,0.312098765,0.383407243,0.695506008,0.148558759,0.289904862,671.3929799877857,-71.24729667521973,0.3042283029427144,91.52916941107469